N,P,K,pH,EC,OC,S,Zn,Fe,Cu,Mn,B,Output,Moisture,Soil_Type,Annual_Rainfall,Temperature,Soil_Fertility
138,8.6,560,7.46,0.62,0.7,5.9,0.24,0.31,0.77,8.71,0.11,0,39.67,Red,687.91,32.7,Low
213,7.5,338,7.62,0.75,1.06,25.4,0.3,0.86,1.54,2.89,2.29,0,37.12,Red,633.48,28.18,Low
163,9.6,718,7.59,0.51,1.11,14.3,0.3,0.86,1.57,2.7,2.03,0,40.16,Sandy,537.85,28.35,Low
157,6.8,475,7.64,0.58,0.94,26.0,0.34,0.54,1.53,2.65,1.82,0,29.65,Red,450.95,33.15,Low
270,9.9,444,7.63,0.4,0.86,11.8,0.25,0.76,1.69,2.43,2.26,1,48.37,Clay Loam,884.38,27.97,Medium
220,8.6,444,7.43,0.65,0.72,11.7,0.37,0.66,0.9,2.19,1.82,0,31.1,Loamy Sand,663.12,28.19,Low
220,7.2,222,7.62,0.43,0.81,7.4,0.34,0.69,1.05,2.0,1.88,0,32.25,Loamy Sand,481.11,32.42,Low
207,7.0,401,7.63,0.59,0.69,7.6,0.32,0.68,0.62,2.43,1.68,0,43.0,Loamy Sand,517.68,34.91,Low
289,8.6,560,7.58,0.44,0.67,7.3,0.63,0.66,0.94,2.43,1.79,1,51.75,Silt,766.14,28.63,Medium
138,8.1,739,7.55,0.33,0.78,9.0,0.69,0.41,1.15,2.75,2.0,0,33.39,Sandy,456.58,34.05,Low
151,8.1,549,7.59,0.45,0.97,9.6,0.71,0.38,1.33,2.79,2.41,1,64.94,Clay Loam,988.3,24.97,Medium
144,7.2,306,7.53,0.73,0.89,9.2,0.63,0.47,1.03,2.79,2.38,0,34.14,Red,491.39,28.44,Low
138,5.3,444,7.68,0.6,0.78,9.7,0.73,0.36,1.32,3.32,2.12,2,62.34,Clay,1082.0,20.21,High
144,8.3,549,7.45,0.53,0.81,10.2,0.51,0.56,1.26,2.9,2.29,0,38.06,Sandy,696.73,30.56,Low
201,7.7,676,7.39,0.77,0.72,9.7,0.58,0.47,1.02,3.77,2.56,1,64.7,Clay Loam,995.11,25.25,Medium
182,9.2,718,7.47,0.34,0.67,10.6,0.77,0.41,1.28,3.04,2.79,0,29.84,Sandy,423.34,33.54,Low
238,7.5,771,7.38,0.88,0.75,11.0,0.46,0.38,1.16,2.96,1.32,0,21.27,Red,644.5,30.58,Low
270,8.1,655,7.45,0.55,0.67,10.2,0.28,0.44,1.26,7.75,2.56,1,64.35,Silt,1057.47,29.42,Medium
213,6.1,803,7.38,0.78,0.61,10.5,0.3,0.49,0.66,7.74,1.85,0,22.24,Red,696.01,32.95,Low
245,8.1,560,7.31,0.63,0.78,11.6,0.29,0.43,0.57,7.73,0.74,0,38.71,Loamy Sand,612.54,31.22,Low
282,8.3,454,7.43,0.62,0.75,11.0,0.32,0.5,0.81,4.99,2.65,1,52.0,Clay Loam,979.5,24.08,Medium
213,8.3,676,7.36,0.51,0.69,23.6,0.28,0.93,1.04,2.17,1.97,0,39.44,Red,500.56,30.41,Low
207,9.4,127,7.62,0.68,0.75,27.2,0.28,0.72,1.04,2.43,0.94,0,44.25,Red,686.33,28.38,Low
307,8.3,11,7.49,0.84,0.69,15.8,0.26,0.57,0.73,2.13,2.47,1,43.85,Silt,1030.41,29.37,Medium
207,7.2,496,7.55,0.61,0.64,26.2,0.24,0.47,1.15,1.99,1.94,0,33.02,Loamy Sand,517.85,33.27,Low
201,5.5,359,7.44,0.76,0.78,26.0,0.18,0.83,0.71,2.24,1.91,0,38.78,Red,406.09,29.35,Low
364,7.5,507,7.63,0.52,0.69,14.6,0.23,1.19,0.39,2.16,2.82,1,62.51,Clay Loam,717.51,27.27,Medium
220,8.3,560,7.42,0.63,0.61,15.8,0.19,1.08,0.34,1.77,0.74,0,34.6,Loamy Sand,587.26,34.94,Low
245,8.3,560,7.58,0.74,0.83,8.2,0.32,0.96,1.57,2.67,0.59,0,37.24,Sandy,631.94,34.44,Low
207,7.7,676,7.41,0.42,1.0,15.0,0.27,0.92,1.43,3.12,1.85,0,29.96,Red,527.26,32.93,Low
276,8.3,401,7.34,0.53,0.72,14.8,0.28,0.57,1.34,2.15,2.18,1,52.5,Clay Loam,897.75,26.47,Medium
207,5.0,560,7.4,0.84,0.67,25.4,0.27,0.46,1.53,2.43,2.12,0,29.44,Loamy Sand,678.97,33.1,Low
245,5.7,465,7.29,0.63,0.61,22.4,0.25,0.44,1.24,2.11,0.74,0,37.2,Sandy,622.21,32.9,Low
169,8.1,549,8.23,0.58,0.56,21.0,0.2,0.38,1.15,3.01,2.0,1,52.43,Silt,831.79,29.99,Medium
182,5.0,560,7.62,0.52,0.47,22.4,0.73,0.46,1.14,2.72,1.97,0,21.65,Red,558.49,28.57,Low
220,8.3,760,7.48,0.59,0.67,24.0,0.83,0.37,1.99,3.84,0.88,0,44.49,Loamy Sand,521.07,29.21,Low
138,5.7,401,7.42,0.72,0.78,26.0,0.37,0.32,1.34,3.77,2.0,1,48.45,Clay Loam,1031.74,25.12,Medium
238,8.3,697,7.59,0.43,0.83,25.4,0.45,0.43,1.43,2.65,2.29,0,39.35,Red,686.71,28.59,Low
151,8.1,517,7.46,0.43,0.86,16.0,0.36,0.38,1.92,2.88,0.59,0,35.43,Loamy Sand,413.29,29.64,Low
207,7.9,612,7.44,0.55,1.0,14.6,0.45,0.47,1.47,3.16,1.88,0,41.32,Red,524.47,31.42,Low
138,8.3,581,7.63,0.86,0.53,7.2,0.76,0.35,1.42,5.07,2.47,0,42.4,Loamy Sand,596.18,31.79,Low
182,10.7,708,7.48,0.57,1.11,14.2,0.59,0.92,1.15,6.69,0.65,0,42.31,Loamy Sand,687.27,34.88,Low
138,7.5,612,7.54,0.72,0.54,16.0,0.29,0.95,1.91,4.64,2.53,0,21.19,Sandy,510.5,30.44,Low
207,8.3,370,7.52,0.44,1.03,17.4,0.31,0.81,1.43,4.98,2.41,0,21.44,Sandy,699.92,31.15,Low
295,8.6,676,7.41,0.48,0.97,26.0,0.38,0.71,1.97,5.15,2.0,1,47.58,Clay Loam,719.97,24.89,Medium
289,5.7,338,7.64,0.57,0.72,14.6,0.18,1.06,0.92,2.46,1.85,1,48.2,Loamy,808.54,27.72,Medium
207,7.0,444,7.55,0.57,0.83,8.6,0.18,0.96,0.93,2.15,2.18,0,24.75,Red,656.8,29.4,Low
138,8.1,718,7.48,0.63,0.94,12.6,0.19,1.02,1.15,2.24,2.47,0,43.96,Sandy,476.92,33.76,Low
138,8.3,454,7.65,0.58,1.03,14.0,0.25,1.05,1.19,2.16,2.82,0,27.46,Sandy,664.35,28.98,Low
82,7.9,496,7.37,0.51,1.06,11.0,0.2,1.03,1.04,2.35,1.82,1,48.22,Loamy,1083.19,26.26,Medium
107,8.3,612,7.43,0.43,0.75,7.2,0.18,0.95,0.89,2.16,0.74,0,28.69,Red,636.56,28.02,Low
38,7.0,370,7.57,0.42,1.08,14.0,0.18,0.86,1.04,2.0,2.23,1,42.13,Silt,833.03,25.99,Medium
88,7.2,655,7.46,0.44,1.0,13.1,0.18,0.78,1.03,2.27,1.94,2,70.06,Clay,1225.64,24.64,High
19,5.3,708,7.38,0.29,1.06,12.8,0.17,0.76,0.92,2.88,2.21,0,44.51,Sandy,512.69,31.01,Low
56,7.7,444,7.32,0.67,0.83,11.2,0.23,0.95,0.88,2.65,1.82,0,40.33,Loamy Sand,477.64,34.94,Low
50,8.3,475,7.36,0.34,0.83,11.6,0.43,0.59,0.89,2.2,1.32,1,51.31,Silt,731.56,25.32,Medium
38,7.5,454,7.4,0.48,0.92,8.8,0.3,1.29,1.71,4.99,2.59,0,35.04,Sandy,413.39,31.78,Low
25,8.1,591,7.33,0.43,0.78,14.0,0.46,0.35,1.74,2.38,2.29,0,33.11,Sandy,622.98,31.72,Low
82,7.2,507,7.63,0.44,0.61,27.2,0.56,0.35,1.6,2.66,2.82,1,49.14,Loamy,1062.53,27.13,Medium
88,7.7,708,7.52,0.37,0.78,21.0,0.19,0.74,1.43,2.42,2.29,0,25.28,Loamy Sand,613.91,31.16,Low
144,7.2,623,7.57,0.54,0.92,22.8,0.37,0.51,1.69,6.0,2.26,0,34.02,Loamy Sand,476.29,34.15,Low
213,8.6,718,7.59,0.68,0.86,23.0,0.3,0.46,1.53,9.53,2.82,1,59.52,Clay Loam,848.86,29.54,Medium
282,5.7,454,7.48,0.46,0.81,16.0,0.32,0.5,1.34,3.7,2.47,1,41.02,Loamy,707.32,25.87,Medium
264,9.4,475,7.52,0.43,0.78,14.8,0.27,0.61,1.41,2.88,2.41,1,46.73,Loamy,1040.2,27.19,Medium
301,7.0,507,7.46,0.42,0.69,23.0,0.23,0.46,1.02,2.71,1.71,1,41.47,Loamy,723.74,29.17,Medium
226,7.5,348,7.62,0.31,0.75,11.3,0.78,0.4,1.04,2.43,1.29,0,35.63,Loamy Sand,489.46,30.72,Low
307,5.0,327,7.58,0.56,0.61,11.6,0.46,0.68,1.14,2.79,1.23,1,52.63,Loamy,975.06,25.66,Medium
326,5.9,517,7.41,0.32,0.81,25.7,0.5,0.65,1.16,2.27,1.35,1,51.43,Clay Loam,855.0,29.2,Medium
251,5.0,391,7.59,0.62,0.89,11.7,0.56,0.64,1.03,7.75,1.38,1,50.89,Clay Loam,1039.81,26.74,Medium
213,4.8,444,7.55,0.47,0.75,11.8,0.63,0.5,1.02,7.71,1.53,0,28.64,Sandy,690.57,28.79,Low
195,5.5,507,7.57,0.37,0.69,11.0,0.28,0.48,0.91,1.89,1.65,0,39.34,Loamy Sand,467.29,31.28,Low
31,5.9,581,7.33,0.71,0.83,11.2,0.37,0.54,1.13,1.99,1.59,0,27.73,Red,501.58,28.6,Low
69,6.8,465,7.51,0.46,0.78,11.7,0.32,0.49,1.06,2.1,1.53,0,21.85,Sandy,594.6,31.28,Low
182,7.5,391,7.57,0.53,0.78,11.8,0.37,0.53,1.02,7.77,1.32,0,20.09,Sandy,542.3,33.0,Low
19,6.4,454,7.49,0.6,0.61,10.4,0.48,0.63,0.86,2.0,1.29,0,29.36,Red,524.75,31.21,Low
132,5.5,655,7.31,0.71,0.67,11.0,0.38,1.07,1.71,4.43,2.41,0,35.51,Sandy,453.03,30.27,Low
163,7.7,517,7.32,0.49,0.75,12.6,0.35,3.42,1.6,10.61,2.0,0,33.94,Loamy Sand,428.31,34.13,Low
182,8.1,507,7.23,0.73,0.81,10.2,0.37,2.19,1.52,2.75,2.06,0,31.65,Red,522.96,34.75,Low
295,5.5,433,7.34,0.46,0.75,13.6,0.42,0.6,1.22,2.53,2.26,1,54.44,Clay Loam,734.64,26.23,Medium
201,5.7,253,7.51,0.63,0.83,3.2,0.44,0.77,1.16,3.76,2.12,0,32.51,Sandy,681.12,33.22,Low
6,5.0,465,7.47,0.42,0.81,14.5,0.48,0.5,1.21,2.62,2.35,0,26.88,Loamy Sand,551.62,32.27,Low
56,6.6,401,7.46,0.57,0.89,9.0,0.47,0.64,1.18,3.66,2.18,0,40.09,Red,629.05,33.13,Low
132,8.3,444,7.62,0.43,0.75,13.0,0.45,1.2,1.25,2.76,2.65,0,31.49,Sandy,437.19,28.79,Low
69,8.1,338,7.5,0.63,0.78,8.4,0.37,2.12,1.03,2.84,2.26,0,34.12,Sandy,410.1,32.52,Low
270,7.0,391,7.4,0.61,0.67,27.1,0.42,1.18,1.04,2.76,1.62,1,56.91,Silt,939.8,25.36,Medium
326,7.5,401,7.3,0.23,0.56,26.0,0.52,2.08,1.68,3.43,2.12,1,59.95,Silt,826.78,27.77,Medium
351,8.6,454,7.5,0.38,0.72,19.5,0.48,2.06,1.26,2.77,1.85,1,56.74,Silt,855.16,25.01,Medium
13,8.3,644,7.5,0.71,0.67,13.9,0.45,1.06,1.05,3.63,2.29,0,27.92,Sandy,683.82,30.05,Low
314,8.1,454,7.4,0.59,0.75,23.9,0.36,0.59,1.25,2.76,2.21,1,41.81,Silt,805.4,26.75,Medium
282,8.3,465,7.4,0.76,0.61,2.5,0.38,0.74,1.43,2.74,0.94,1,58.29,Loamy,902.48,28.01,Medium
6,7.5,412,7.4,0.41,0.81,6.5,0.46,0.5,1.47,2.97,2.65,0,32.88,Sandy,651.96,32.93,Low
270,8.6,486,7.4,0.67,0.89,28.6,0.71,0.59,1.24,2.89,2.41,1,47.19,Clay Loam,919.65,24.76,Medium
220,5.5,539,7.6,0.42,0.83,8.5,0.39,0.52,1.21,2.5,2.21,0,42.27,Loamy Sand,422.07,30.13,Low
151,4.8,454,7.3,0.77,0.75,8.0,0.36,0.67,1.24,2.76,2.06,0,41.76,Sandy,494.37,34.91,Low
201,5.3,507,7.6,0.53,0.39,10.86,0.32,9.32,0.69,9.03,0.69,0,27.88,Red,667.28,31.68,Low
151,5.9,581,7.6,0.48,0.88,4.52,0.42,4.05,1.06,5.3,0.29,0,20.59,Loamy Sand,600.5,33.87,Low
75,7.9,327,7.8,0.66,0.1,7.24,0.5,7.32,0.87,6.32,0.4,0,40.19,Red,463.38,28.8,Low
232,5.9,275,7.7,0.43,0.68,5.43,0.47,6.52,1.52,8.05,0.32,0,37.27,Sandy,680.8,28.54,Low
207,7.5,549,7.7,0.72,0.49,3.32,0.36,4.56,1.96,13.02,0.67,0,36.37,Red,608.34,30.36,Low
264,6.4,496,7.9,0.38,0.78,3.92,0.52,8.06,1.32,14.52,0.46,1,61.47,Clay Loam,916.16,29.7,Medium
188,5.0,454,7.6,0.74,0.2,5.13,0.34,3.59,1.54,17.56,0.55,0,41.3,Sandy,440.13,32.44,Low
326,6.8,486,7.8,0.82,1.07,4.22,0.58,4.58,0.86,11.52,0.74,1,58.0,Loamy,915.94,29.14,Medium
295,4.8,327,7.6,0.43,0.88,3.32,0.42,7.63,0.51,9.03,0.86,1,47.37,Silt,700.25,26.03,Medium
126,8.6,454,7.7,0.62,0.39,7.54,0.32,9.32,1.35,4.85,0.27,0,21.28,Sandy,523.45,30.47,Low
207,6.8,327,7.6,0.71,0.68,7.84,0.57,4.02,1.25,6.32,0.23,0,25.18,Sandy,632.22,34.24,Low
213,7.2,338,7.7,0.43,0.2,4.22,0.58,9.63,0.86,8.32,0.34,0,38.81,Red,526.42,34.2,Low
69,4.4,507,7.7,0.53,0.1,5.13,0.39,4.02,1.03,13.05,0.25,0,35.79,Sandy,624.94,28.32,Low
220,5.9,539,7.5,0.42,0.29,5.73,0.33,8.32,1.45,9.63,0.32,0,39.44,Loamy Sand,414.11,33.53,Low
163,8.1,496,7.5,0.77,1.17,6.33,0.51,6.03,1.32,7.63,0.4,0,30.4,Red,684.87,28.76,Low
138,6.1,348,7.4,0.41,0.88,4.52,0.28,4.85,0.85,13.05,0.29,0,36.55,Red,591.42,31.32,Low
88,7.5,444,7.5,0.76,0.1,7.84,0.52,4.05,1.63,7.63,0.34,0,43.42,Sandy,459.85,31.86,Low
195,4.8,422,7.4,0.52,0.29,5.73,0.33,8.32,1.45,9.63,0.32,0,26.07,Loamy Sand,436.76,31.66,Low
251,6.8,391,7.6,0.36,0.88,4.22,0.48,5.02,0.63,6.03,0.25,0,35.37,Red,522.69,32.13,Low
207,7.5,412,7.4,0.61,0.1,5.73,0.52,9.32,1.02,11.63,0.78,0,22.65,Sandy,665.74,34.17,Low
195,6.6,433,7.5,0.6,0.49,9.65,0.39,7.15,1.58,12.02,2.29,0,22.02,Sandy,585.34,29.18,Low
220,4.6,401,7.7,0.52,0.78,4.22,0.24,4.02,1.3,7.51,0.29,0,38.65,Sandy,637.32,31.65,Low
251,7.5,380,7.6,0.76,1.07,10.86,0.28,5.21,0.69,12.21,0.53,0,35.56,Loamy Sand,581.47,34.55,Low
238,7.0,570,7.7,0.53,0.88,5.43,0.63,3.26,1.05,5.25,0.61,0,35.81,Loamy Sand,465.74,30.6,Low
119,8.3,444,7.6,0.76,0.49,7.84,0.41,4.05,2.02,4.85,0.46,0,39.56,Sandy,472.45,32.86,Low
163,5.9,444,7.5,0.53,0.68,9.65,0.52,2.89,1.58,13.25,0.29,0,40.87,Red,480.85,30.97,Low
207,8.3,612,7.5,0.46,0.2,4.22,0.35,6.32,0.68,8.5,0.55,0,20.96,Sandy,414.05,33.99,Low
138,5.9,602,7.5,0.42,1.17,5.13,0.6,7.51,0.78,6.32,0.74,0,40.99,Loamy Sand,610.26,34.28,Low
126,7.2,433,7.5,0.65,0.98,8.75,0.52,3.15,1.05,7.15,0.9,0,32.12,Sandy,491.63,28.43,Low
157,6.8,475,7.4,0.45,0.88,7.84,0.48,4.32,1.96,9.52,0.31,0,38.77,Loamy Sand,549.51,30.5,Low
201,6.6,655,7.6,0.64,0.1,6.33,0.41,1.69,1.57,11.05,0.53,0,40.13,Red,404.65,31.93,Low
257,8.6,465,7.4,0.44,0.78,4.52,0.36,6.23,0.68,14.15,0.4,0,44.45,Sandy,480.03,33.27,Low
201,7.7,327,7.5,0.6,0.59,10.26,0.25,4.05,0.5,12.3,0.32,0,28.91,Loamy Sand,560.91,33.59,Low
257,6.4,422,7.5,0.59,0.39,5.43,0.28,2.68,1.26,19.21,0.55,0,39.83,Loamy Sand,601.03,31.83,Low
251,8.1,539,7.6,0.72,0.68,6.64,0.37,3.51,1.03,14.52,0.59,0,38.09,Loamy Sand,588.12,32.92,Low
201,4.8,496,7.5,0.53,0.49,5.43,0.25,5.69,2.02,7.68,0.65,0,39.39,Loamy Sand,646.68,32.45,Low
333,7.0,422,7.5,0.48,0.1,9.65,0.39,3.9,1.89,13.25,0.53,1,50.9,Loamy,1094.89,25.1,Medium
320,8.3,359,7.4,0.53,1.17,5.13,0.52,4.12,0.87,6.17,0.4,1,52.38,Clay Loam,874.73,28.54,Medium
232,5.0,560,7.4,0.76,0.29,4.25,0.42,2.05,1.05,12.05,0.31,0,22.39,Loamy Sand,409.3,32.06,Low
326,5.3,549,7.6,0.82,0.59,8.75,0.57,1.98,1.63,6.38,0.73,1,53.86,Clay Loam,757.83,24.9,Medium
195,5.5,507,7.4,0.61,0.1,10.86,0.35,3.25,0.78,4.51,0.21,0,30.87,Loamy Sand,523.16,30.77,Low
345,6.8,496,7.7,0.57,0.88,9.65,0.29,6.3,1.51,9.32,0.34,1,41.87,Silt,992.31,29.71,Medium
257,8.1,634,7.6,0.81,0.39,4.52,0.57,7.21,1.63,11.5,0.53,1,55.45,Clay Loam,864.46,24.73,Medium
251,4.8,444,7.4,0.54,0.59,7.24,0.48,4.15,0.98,13.52,0.4,0,42.1,Sandy,559.96,33.01,Low
226,6.1,644,7.4,0.56,0.29,5.43,0.29,3.26,1.05,14.25,0.29,0,20.43,Red,567.47,32.78,Low
264,7.2,496,7.6,0.62,0.1,9.95,0.34,6.53,1.87,6.25,0.42,1,43.15,Clay Loam,1044.49,29.5,Medium
213,6.8,612,7.7,0.6,0.78,5.13,0.51,1.87,1.6,9.32,0.25,0,26.77,Red,474.81,32.17,Low
132,6.4,517,7.5,0.61,0.49,7.54,0.46,5.02,0.69,7.15,0.71,0,27.33,Red,652.71,28.42,Low
195,6.6,750,7.5,0.53,0.68,5.73,0.28,6.33,0.7,11.56,0.78,0,32.73,Sandy,642.53,28.56,Low
50,8.1,454,7.6,0.74,1.17,10.26,0.33,4.51,1.3,6.25,0.29,0,31.77,Red,566.19,32.6,Low
201,5.3,634,7.5,0.68,0.88,4.52,0.51,6.23,1.89,7.05,0.53,0,38.89,Sandy,581.62,32.98,Low
100,8.3,676,7.6,0.59,0.1,8.75,0.27,4.05,0.52,15.62,0.4,0,42.83,Loamy Sand,524.8,29.8,Low
232,7.0,444,7.6,0.62,1.27,10.56,0.39,7.35,0.66,7.53,0.27,0,29.56,Sandy,483.7,29.0,Low
69,5.9,612,7.6,0.52,0.68,4.22,0.51,6.49,1.05,9.32,0.31,0,26.82,Loamy Sand,621.42,31.63,Low
31,4.6,581,7.5,0.63,1.17,8.14,0.6,4.05,1.96,4.15,0.52,0,20.16,Red,526.03,30.03,Low
63,8.3,496,7.4,0.62,0.88,6.94,0.57,6.32,1.32,12.58,0.63,0,22.2,Red,627.66,33.65,Low
132,8.1,433,7.5,0.51,0.78,26.24,0.33,5.21,3.02,4.52,0.55,0,42.82,Red,669.0,32.71,Low
201,8.6,507,7.7,0.72,0.1,4.22,0.49,8.51,0.75,6.32,0.76,0,23.14,Red,445.19,33.82,Low
358,8.3,338,7.4,0.64,0.78,7.54,0.35,2.48,1.53,11.89,0.5,1,56.03,Silt,862.2,27.54,Medium
63,7.0,422,7.6,0.57,0.59,4.83,0.26,3.15,1.96,9.06,0.38,0,20.27,Loamy Sand,518.71,30.85,Low
195,7.5,444,7.5,0.64,0.15,9.9,0.34,3.77,0.97,7.83,0.17,0,21.29,Sandy,658.39,34.03,Low
207,5.9,507,7.5,0.55,0.44,3.8,0.35,3.24,0.88,7.94,0.19,0,42.62,Red,637.84,28.99,Low
126,8.3,496,7.6,0.61,0.47,9.6,0.4,3.56,0.74,8.65,0.09,0,28.59,Red,518.47,31.47,Low
88,7.2,391,7.6,0.63,0.29,6.5,0.26,3.66,0.54,8.4,0.08,0,41.05,Sandy,578.12,31.88,Low
163,9.0,338,7.5,0.47,0.97,7.2,0.26,3.84,0.65,9.27,0.11,0,35.13,Loamy Sand,573.09,32.93,Low
138,7.7,454,7.6,0.58,0.32,7.5,0.33,3.94,0.6,9.04,0.12,0,35.37,Sandy,679.0,30.28,Low
188,4.6,549,7.7,0.53,0.27,7.9,0.34,3.49,0.43,8.45,0.12,0,24.98,Loamy Sand,427.82,32.32,Low
195,8.3,475,7.6,0.42,0.15,11.3,0.29,3.56,0.55,8.66,0.17,0,41.23,Loamy Sand,424.78,33.19,Low
195,8.1,327,7.61,0.67,0.21,8.6,0.23,3.43,0.7,8.53,0.18,0,38.31,Sandy,469.57,30.24,Low
264,7.2,444,7.47,0.45,0.35,6.4,0.15,3.95,0.76,8.65,0.11,1,48.26,Clay Loam,891.63,26.72,Medium
182,7.7,507,7.46,0.53,0.29,4.4,0.25,2.35,0.55,7.54,0.14,0,43.0,Sandy,610.95,31.27,Low
188,5.3,496,7.52,0.44,0.35,13.1,0.36,3.19,0.69,7.99,0.17,0,33.88,Red,676.87,33.26,Low
132,6.8,570,7.43,0.52,0.38,8.9,0.36,2.96,0.8,8.66,0.18,0,41.63,Red,672.91,34.49,Low
213,5.3,433,7.48,0.77,0.47,6.0,0.37,2.77,0.87,8.94,0.11,0,25.7,Red,563.31,33.95,Low
144,8.3,370,7.46,0.68,0.53,3.7,0.25,2.55,0.99,8.35,0.08,0,44.53,Loamy Sand,614.62,31.63,Low
182,5.9,549,7.57,0.78,0.35,5.6,0.29,2.96,0.97,8.6,0.14,0,31.81,Red,429.01,33.63,Low
182,4.8,433,7.62,0.44,0.29,6.9,0.37,3.16,0.87,8.76,0.16,0,30.92,Loamy Sand,686.13,30.31,Low
132,7.2,560,7.54,0.81,0.12,7.2,0.39,3.53,0.95,9.23,0.18,0,36.18,Sandy,471.01,31.6,Low
138,6.1,454,7.73,0.66,0.97,7.7,0.37,2.95,1.1,7.65,0.11,0,27.77,Sandy,566.96,33.82,Low
207,5.9,391,7.58,0.78,0.76,8.9,0.29,2.54,1.2,7.9,0.13,0,34.82,Loamy Sand,522.43,31.57,Low
113,5.0,370,7.6,0.82,0.71,10.1,0.19,2.75,0.97,7.96,0.18,0,25.06,Sandy,520.75,31.61,Low
220,7.0,359,7.67,0.78,0.35,9.6,0.29,2.6,0.85,8.27,0.11,0,24.73,Red,557.07,32.07,Low
126,8.1,338,7.4,0.67,0.29,9.9,0.34,2.66,0.97,8.55,0.12,0,41.24,Red,410.7,33.93,Low
163,6.8,327,7.37,0.51,0.38,8.9,0.35,2.93,0.97,8.34,0.12,0,22.06,Sandy,553.17,32.34,Low
201,7.7,454,7.31,0.44,0.47,9.0,0.26,3.24,1.05,8.45,0.11,0,33.05,Loamy Sand,634.88,31.54,Low
100,8.3,570,7.44,0.41,0.35,13.7,0.34,3.09,1.2,9.0,0.12,0,35.28,Loamy Sand,483.86,29.07,Low
69,7.0,560,7.36,0.47,0.41,4.4,0.29,3.06,1.07,9.26,0.12,0,41.23,Sandy,683.36,30.85,Low
289,7.9,465,7.42,0.43,0.35,8.9,0.36,3.24,0.77,9.73,0.14,1,52.3,Loamy,931.45,26.16,Medium
333,7.5,507,7.53,0.54,0.44,9.6,0.23,2.75,0.85,8.45,0.17,0,39.31,Loamy Sand,609.17,31.88,Low
314,7.2,391,7.61,0.52,0.47,3.7,0.34,2.83,0.9,8.66,0.18,1,58.11,Clay Loam,1091.05,27.65,Medium
301,6.8,496,7.57,0.68,1.0,13.1,0.25,2.65,0.97,8.34,0.11,1,42.93,Loamy,883.59,29.56,Medium
289,8.3,507,7.45,0.49,0.29,4.6,0.4,2.96,0.97,8.25,0.12,1,51.33,Loamy,775.75,27.9,Medium
220,5.9,454,7.43,0.67,0.12,8.9,0.33,3.14,0.85,8.97,0.12,0,21.52,Sandy,524.48,34.06,Low
232,7.7,549,7.38,0.43,0.44,7.2,0.34,3.25,0.74,8.37,0.17,0,43.74,Sandy,654.18,30.42,Low
176,7.5,539,7.54,0.65,0.47,6.9,0.35,3.54,0.85,9.05,0.18,0,44.15,Red,603.34,31.26,Low
188,6.4,496,7.59,0.48,0.35,7.2,0.34,2.76,1.0,9.76,0.11,0,44.63,Red,623.82,33.04,Low
88,6.8,539,7.43,0.52,0.53,4.4,0.25,2.84,0.83,9.84,0.12,0,42.48,Loamy Sand,513.32,34.14,Low
82,7.5,507,7.61,0.47,0.5,11.3,0.37,2.96,0.94,8.94,0.17,0,32.38,Loamy Sand,522.02,30.65,Low
169,5.9,338,7.57,0.41,0.65,8.6,0.27,3.15,0.99,9.09,0.19,0,20.56,Loamy Sand,422.05,32.96,Low
245,6.1,496,7.42,0.58,0.24,2.5,0.24,2.84,0.94,7.73,0.07,0,31.88,Red,657.16,30.36,Low
270,7.9,253,7.48,0.57,0.59,3.1,0.24,2.49,0.52,7.74,0.14,1,40.42,Silt,1071.11,27.64,Medium
345,8.1,338,7.31,0.41,0.85,6.0,0.34,2.42,0.65,8.64,0.15,1,53.12,Clay Loam,1001.69,26.95,Medium
333,7.7,275,7.54,0.55,0.47,7.5,0.36,2.53,0.46,8.66,0.18,1,55.97,Clay Loam,706.07,24.61,Medium
282,6.8,306,7.29,0.62,0.44,6.4,0.27,2.65,0.57,8.45,0.1,1,43.13,Silt,731.87,25.74,Medium
282,8.3,486,7.47,0.51,0.71,3.2,0.26,2.66,0.64,8.57,0.14,1,41.64,Silt,786.01,29.26,Medium
270,8.1,296,7.41,0.63,0.76,4.2,0.34,2.48,0.63,8.67,0.15,1,46.89,Silt,832.81,24.73,Medium
289,6.1,359,7.39,0.58,0.44,6.0,0.33,2.36,0.66,7.73,0.09,1,44.03,Loamy,823.63,25.81,Medium
201,7.5,391,7.41,0.54,0.53,7.2,0.23,2.38,0.77,7.84,0.22,0,33.79,Red,613.71,29.68,Low
213,8.3,444,7.35,0.67,0.88,6.3,0.26,2.28,0.48,8.44,0.24,0,33.36,Sandy,579.85,32.29,Low
270,6.4,539,7.57,0.61,0.26,4.8,0.27,2.47,0.52,6.95,0.21,1,47.9,Clay Loam,800.09,25.82,Medium
207,5.9,348,7.54,0.59,0.29,3.0,0.37,3.44,0.64,7.46,0.18,0,26.18,Loamy Sand,413.81,30.74,Low
295,8.3,602,7.68,0.51,0.62,3.1,0.34,2.54,0.43,7.32,0.1,1,45.04,Clay Loam,755.9,28.99,Medium
251,5.3,338,7.73,0.57,0.82,3.2,0.23,2.68,0.44,7.24,0.09,0,28.18,Sandy,538.46,31.51,Low
276,6.8,507,7.51,0.41,0.5,4.0,0.24,2.67,0.57,6.44,0.18,1,40.49,Clay Loam,927.39,24.59,Medium
163,7.5,359,7.62,0.67,0.47,4.5,0.24,2.75,0.64,6.56,0.21,0,30.3,Red,631.25,34.3,Low
213,7.0,327,7.71,0.67,0.74,5.1,0.25,3.46,0.76,8.47,0.1,0,43.01,Sandy,536.4,28.65,Low
207,6.1,454,7.4,0.43,0.12,2.5,0.35,3.93,0.88,8.68,0.06,0,41.05,Red,571.06,31.96,Low
200,6.8,391,7.67,0.72,0.35,3.0,0.37,2.93,0.96,8.65,0.07,0,31.94,Sandy,499.08,32.2,Low
301,7.2,412,7.71,0.64,0.32,4.0,0.29,2.63,0.83,7.76,0.09,1,45.59,Clay Loam,905.35,25.75,Medium
188,6.4,422,7.78,0.56,0.53,4.2,0.23,2.72,0.43,7.74,0.08,0,42.22,Red,596.08,30.73,Low
201,7.5,465,7.71,0.48,0.5,5.1,0.22,2.87,0.72,7.72,0.18,0,29.35,Red,598.69,34.53,Low
207,5.9,243,7.62,0.45,0.76,7.2,0.24,2.47,0.73,7.63,0.21,0,38.74,Red,530.48,31.46,Low
307,6.6,401,7.53,0.71,0.82,3.0,0.34,2.93,0.67,7.84,0.24,1,56.55,Clay Loam,714.94,29.95,Medium
207,7.7,380,7.64,0.67,0.26,4.2,0.26,3.93,0.68,8.85,0.27,0,31.44,Loamy Sand,597.14,33.48,Low
326,8.3,285,7.38,0.82,0.88,4.3,0.27,3.63,0.63,8.96,0.18,1,58.26,Clay Loam,987.23,26.71,Medium
270,6.8,296,7.59,0.33,0.56,5.1,0.26,3.74,0.74,8.73,0.15,1,48.85,Clay Loam,826.36,28.36,Medium
195,4.8,496,7.43,0.67,0.85,3.5,0.27,2.45,0.74,6.73,0.18,0,38.05,Red,403.54,34.74,Low
182,8.3,338,7.61,0.58,0.88,4.2,0.26,2.56,0.71,7.83,0.16,0,27.55,Sandy,437.93,32.88,Low
295,4.8,348,7.77,0.61,0.24,2.5,0.25,2.84,0.12,7.73,0.07,1,45.6,Clay Loam,1016.17,27.74,Medium
151,7.5,327,7.63,0.73,0.29,4.8,0.33,2.49,0.63,7.23,0.18,0,32.09,Sandy,450.62,28.88,Low
333,5.9,391,7.44,0.66,0.26,5.0,0.26,3.51,0.25,7.35,0.15,1,58.26,Clay Loam,830.91,26.16,Medium
157,6.4,327,7.45,0.34,0.5,5.1,0.35,2.56,0.14,8.75,0.14,0,38.92,Red,630.34,29.46,Low
370,5.0,496,7.62,0.41,0.76,6.2,0.34,2.44,0.25,8.36,0.09,1,52.27,Loamy,953.54,24.3,Medium
163,5.9,317,7.43,0.38,0.59,3.5,0.34,3.43,0.16,8.32,0.1,0,41.86,Loamy Sand,453.63,28.84,Low
377,6.8,327,7.51,0.85,0.26,4.0,0.25,3.63,1.08,7.84,0.13,1,56.58,Loamy,757.81,27.22,Medium
264,7.9,391,7.34,0.61,0.24,3.0,0.25,2.44,0.22,7.44,0.21,1,46.37,Clay Loam,702.42,28.35,Medium
358,7.2,359,7.49,0.67,0.5,2.5,0.26,2.64,0.29,7.55,0.19,1,61.25,Loamy,921.09,25.53,Medium
320,4.6,422,7.38,0.53,0.76,6.0,0.24,2.74,0.18,7.66,0.07,1,43.41,Silt,818.17,24.33,Medium
126,7.5,444,7.67,0.7,0.74,7.1,0.35,2.43,1.96,7.77,0.1,0,43.75,Red,618.18,28.56,Low
333,6.8,327,7.53,0.62,0.38,3.5,0.26,3.44,0.45,7.84,0.12,1,45.03,Loamy,1086.57,28.64,Medium
213,8.6,348,7.62,0.64,0.15,4.0,0.27,3.45,0.86,8.43,0.13,0,41.12,Loamy Sand,470.24,33.79,Low
245,5.9,285,7.61,0.71,0.24,4.8,0.34,2.56,0.1,7.54,0.15,0,31.85,Red,628.15,31.57,Low
157,5.0,401,7.58,0.45,0.21,3.5,0.32,2.67,0.64,7.45,0.19,0,31.03,Sandy,560.19,30.82,Low
213,5.7,507,7.66,0.63,0.47,4.8,0.33,2.74,0.73,7.68,0.18,0,42.49,Red,607.91,32.16,Low
82,7.5,391,7.65,0.78,0.76,6.0,0.27,4.44,0.83,7.73,0.21,0,22.66,Sandy,635.7,31.71,Low
195,5.9,422,7.66,0.53,0.74,7.1,0.27,3.44,0.43,8.74,0.25,0,26.97,Sandy,681.99,34.02,Low
100,6.8,560,7.71,0.67,1.03,6.2,0.38,2.45,1.54,8.25,0.07,0,31.89,Loamy Sand,444.09,31.07,Low
238,5.7,454,7.61,0.62,1.09,3.5,0.34,2.56,1.1,7.36,0.14,0,40.31,Sandy,522.76,30.01,Low
213,59.2,539,7.54,0.44,0.82,4.0,0.33,2.67,0.64,7.58,0.1,0,43.62,Sandy,578.37,34.49,Low
6,7.2,285,7.42,0.53,0.82,2.8,0.34,2.68,0.73,7.34,0.12,0,32.93,Red,459.92,28.95,Low
257,6.4,243,7.43,0.58,0.26,3.9,0.34,3.74,0.84,8.94,0.13,0,29.25,Sandy,473.77,29.34,Low
188,5.7,317,7.52,0.62,0.29,4.2,0.25,3.43,0.09,8.84,0.08,0,41.71,Red,648.14,34.66,Low
144,8.3,296,7.47,0.58,0.53,3.5,0.24,3.43,0.93,7.45,0.09,0,42.72,Loamy Sand,616.66,31.66,Low
238,6.8,327,7.54,0.43,0.79,4.8,0.35,2.44,0.93,7.36,0.09,0,23.55,Red,582.82,34.31,Low
157,5.0,444,7.33,0.59,0.76,6.2,0.34,2.45,0.83,7.98,0.18,0,41.8,Loamy Sand,558.94,29.05,Low
195,6.8,391,7.48,0.37,0.15,3.5,0.23,2.56,0.62,7.35,0.1,0,32.23,Loamy Sand,405.42,30.42,Low
63,5.9,454,7.53,0.65,0.12,6.0,0.23,3.43,0.43,8.24,0.18,0,21.82,Red,610.69,34.22,Low
238,7.2,444,7.51,0.58,0.1,5.43,0.38,7.05,1.56,8.63,0.73,0,24.9,Sandy,683.61,31.24,Low
163,7.5,560,7.43,0.59,0.49,7.54,0.51,4.63,0.85,12.84,0.48,0,42.46,Loamy Sand,491.06,31.97,Low
232,6.1,391,7.47,0.63,0.2,10.26,0.6,8.02,1.53,9.63,0.32,0,22.24,Red,467.75,34.66,Low
132,6.8,327,7.71,0.61,0.59,5.13,0.79,6.32,1.87,7.51,0.55,0,30.08,Red,550.01,28.85,Low
207,7.5,444,7.64,0.44,0.39,8.75,0.53,5.5,1.25,13.25,0.42,0,21.22,Sandy,475.58,33.66,Low
195,8.1,327,7.62,0.62,0.29,6.33,0.48,9.06,0.63,18.54,0.25,0,44.82,Loamy Sand,673.64,30.94,Low
138,6.6,317,7.53,0.53,1.07,11.16,0.35,7.51,0.8,11.69,0.34,0,33.53,Red,540.08,34.45,Low
251,7.5,359,7.41,0.51,0.68,4.52,0.29,4.56,1.35,12.58,0.69,0,37.01,Red,567.84,29.94,Low
207,6.8,433,7.57,0.62,0.39,8.14,0.62,8.04,1.74,9.63,0.8,0,44.29,Sandy,568.18,34.18,Low
307,7.2,338,7.41,0.42,0.78,11.76,0.47,5.26,0.65,11.53,0.57,1,45.22,Loamy,921.15,26.13,Medium
264,5.3,422,7.67,0.63,0.49,6.64,0.51,9.26,0.84,8.56,0.48,0,40.12,Red,450.91,30.61,Low
201,7.5,348,7.63,0.43,0.1,5.43,0.38,7.51,1.32,17.59,0.34,0,20.6,Loamy Sand,424.19,34.65,Low
257,8.1,444,7.62,0.51,0.59,3.62,0.57,8.02,1.85,9.53,0.42,0,43.0,Loamy Sand,467.32,32.96,Low
144,5.0,327,7.71,0.71,0.39,7.84,0.36,5.03,0.69,11.06,0.31,0,28.02,Sandy,481.19,34.34,Low
251,5.7,275,7.53,0.54,0.88,9.35,0.47,9.22,1.02,5.09,0.44,0,28.35,Red,537.76,31.23,Low
182,7.5,338,7.51,0.61,0.29,2.8,0.24,2.84,0.94,7.73,0.14,0,37.92,Sandy,629.23,28.03,Low
289,14.5,549,7.18,0.64,0.26,3.1,0.23,2.44,0.42,6.74,0.24,1,54.88,Loamy,711.81,26.22,Medium
75,8.1,327,7.61,0.51,0.53,4.2,0.25,3.33,0.56,6.75,0.18,0,33.16,Loamy Sand,426.91,31.32,Low
220,9.0,401,7.67,0.62,0.79,3.5,0.23,2.87,0.47,7.76,0.21,0,37.1,Loamy Sand,502.41,31.14,Low
282,7.0,401,7.71,0.48,0.18,2.5,0.24,2.48,0.67,7.64,0.1,1,50.22,Clay Loam,887.78,27.03,Medium
195,6.6,391,7.65,0.54,0.24,3.5,0.34,2.43,0.74,4.64,0.12,0,22.3,Red,491.28,31.49,Low
176,8.6,507,7.67,0.58,0.79,4.8,0.27,3.56,0.64,5.73,0.09,0,33.92,Red,423.47,34.02,Low
182,7.7,444,7.72,0.56,0.82,4.1,0.27,2.68,0.55,6.77,0.06,0,20.87,Loamy Sand,484.52,34.54,Low
226,8.3,465,7.68,0.62,0.5,6.0,0.27,2.48,0.44,6.77,0.19,0,44.22,Sandy,613.9,29.44,Low
257,7.9,380,7.7,0.64,0.47,7.2,0.34,3.44,0.67,6.84,0.09,0,34.61,Loamy Sand,588.83,32.2,Low
276,9.2,338,7.71,0.48,0.76,3.5,0.24,2.54,0.64,7.77,0.12,1,60.2,Silt,750.64,24.3,Medium
270,9.0,475,7.65,0.44,0.71,4.8,0.24,3.63,0.74,7.75,0.15,1,56.86,Silt,856.27,26.27,Medium
295,78.9,454,7.76,0.39,0.41,5.2,0.25,2.74,0.44,8.73,0.21,1,63.46,Loamy,896.93,26.29,Medium
232,7.0,465,7.62,0.54,0.44,6.2,0.36,2.82,0.64,8.52,0.1,0,27.52,Red,426.17,31.53,Low
245,9.6,528,7.77,0.52,0.74,3.5,0.27,2.43,0.63,7.46,0.08,0,36.41,Loamy Sand,595.21,28.58,Low
251,9.0,444,7.65,0.6,0.71,4.2,0.28,3.74,0.73,8.63,0.07,0,37.89,Sandy,673.85,29.12,Low
213,8.6,433,7.63,0.65,0.24,5.3,0.39,3.74,0.65,7.72,0.18,0,20.77,Red,576.27,32.88,Low
339,7.5,665,7.6,0.55,0.68,4.2,0.28,3.85,0.43,6.73,0.21,1,56.29,Silt,1073.68,26.35,Medium
351,14.9,327,7.4,0.44,0.82,3.8,0.29,2.46,0.63,7.72,0.1,1,59.24,Clay Loam,739.42,25.44,Medium
264,5.0,486,7.5,0.46,0.5,4.2,0.27,2.47,0.66,8.75,0.12,0,43.48,Sandy,581.3,32.0,Low
358,12.3,612,7.3,0.53,0.5,3.5,0.24,2.58,0.74,8.72,0.12,1,62.36,Silt,829.83,25.49,Medium
370,11.2,655,7.1,0.67,0.24,4.0,0.23,2.63,0.73,8.43,0.15,1,60.5,Clay Loam,819.97,28.93,Medium
333,7.0,581,7.8,0.68,0.53,4.1,0.23,3.73,0.75,7.53,0.18,1,40.71,Loamy,975.84,24.51,Medium
282,9.9,391,7.2,0.52,0.15,4.3,0.24,3.77,0.65,7.64,0.1,1,52.04,Loamy,852.73,26.74,Medium
257,7.5,887,7.5,0.29,0.79,4.5,0.26,2.84,0.67,6.76,0.12,1,43.11,Loamy,809.59,27.14,Medium
301,12.9,634,7.6,0.6,0.82,6.0,0.24,2.43,0.78,7.68,0.12,1,41.98,Clay Loam,799.88,29.45,Medium
333,6.6,729,7.2,0.31,0.38,7.1,0.24,2.94,0.83,7.63,0.15,1,41.77,Loamy,715.12,26.85,Medium
195,11.2,348,7.1,0.52,0.44,3.5,0.34,2.94,0.94,8.44,0.15,0,37.65,Red,581.66,33.74,Low
314,11.4,475,7.4,0.31,0.41,4.5,0.26,2.85,0.45,6.58,0.1,1,58.08,Silt,730.78,29.93,Medium
351,6.8,813,7.5,0.43,0.24,3.5,0.28,2.48,0.12,7.72,0.07,1,52.02,Loamy,1031.45,26.7,Medium
339,8.1,549,7.3,0.36,0.26,4.1,0.27,2.58,0.63,7.44,0.09,1,50.65,Clay Loam,923.8,25.22,Medium
264,14.3,486,7.4,0.65,0.59,5.2,0.27,2.47,0.45,7.54,0.08,1,50.82,Loamy,903.85,29.04,Medium
169,5.3,327,7.6,0.34,0.78,4.52,0.26,5.26,1.02,6.32,0.48,0,27.42,Red,517.75,32.69,Low
333,7.9,465,7.5,0.68,0.88,7.84,0.38,2.51,0.86,15.02,0.59,1,62.97,Clay Loam,831.44,24.43,Medium
370,9.4,729,7.3,0.59,0.1,5.13,0.51,8.05,0.53,11.25,0.29,1,62.18,Clay Loam,820.6,28.65,Medium
326,6.8,433,7.1,0.57,0.78,6.64,0.24,4.21,1.25,4.51,0.42,1,58.8,Loamy,974.92,25.79,Medium
251,10.7,528,7.4,0.42,0.59,4.22,0.22,9.02,1.03,9.32,0.32,1,47.7,Clay Loam,1092.51,24.24,Medium
301,4.4,507,7.3,0.31,0.29,5.43,0.37,10.52,0.87,10.52,0.67,1,45.39,Silt,1012.48,24.54,Medium
270,10.5,560,7.2,0.3,1.07,6.64,0.48,7.45,1.54,15.33,0.27,1,44.96,Clay Loam,831.64,30.0,Medium
320,7.5,475,7.1,0.34,0.78,3.62,0.25,6.32,0.96,4.85,0.48,1,61.94,Loamy,976.83,24.97,Medium
282,9.4,570,7.5,0.65,0.39,5.13,0.39,2.05,1.02,12.06,0.34,1,54.88,Clay Loam,974.1,29.52,Medium
301,9.9,549,7.6,0.33,0.98,7.54,0.45,8.12,0.53,8.54,0.42,1,41.02,Loamy,878.09,26.9,Medium
295,7.0,602,7.2,0.68,0.49,9.65,0.26,6.02,0.55,10.26,0.31,1,46.07,Loamy,942.74,24.68,Medium
339,10.3,729,7.4,0.66,0.1,4.22,0.33,7.45,1.23,13.26,0.61,1,53.53,Clay Loam,832.83,24.15,Medium
201,6.6,539,7.5,0.6,0.29,5.43,0.28,4.12,1.09,17.54,0.34,0,29.59,Sandy,556.78,30.37,Low
320,7.9,486,7.6,0.59,0.88,6.64,0.27,6.33,0.63,11.02,0.46,1,56.12,Clay Loam,1000.41,27.38,Medium
289,10.7,549,7.3,0.37,0.39,4.83,0.45,5.02,1.84,19.22,0.17,1,42.2,Silt,1085.83,29.6,Medium
251,6.8,528,7.2,0.24,0.68,9.65,0.29,9.32,0.53,11.32,0.29,0,21.79,Loamy Sand,587.94,33.4,Low
276,12.7,612,7.4,0.42,0.59,5.43,0.33,1.54,0.78,7.63,0.5,1,57.51,Clay Loam,1036.1,27.12,Medium
370,11.8,686,7.5,0.61,0.49,7.24,0.26,2.63,0.66,12.05,0.61,1,58.34,Silt,707.42,26.25,Medium
207,12.3,496,7.6,0.57,0.2,5.73,0.35,8.55,1.25,14.51,0.32,0,37.98,Sandy,426.73,30.23,Low
295,7.2,348,7.8,0.55,0.1,7.54,0.24,6.33,1.02,3.25,0.42,1,44.8,Clay Loam,1029.2,27.26,Medium
351,14.7,380,7.9,0.43,0.78,3.92,0.27,4.02,1.84,9.32,0.29,1,47.46,Silt,1055.29,24.75,Medium
282,5.5,570,7.3,0.48,1.07,6.64,0.49,3.25,0.59,7.15,0.4,1,47.76,Clay Loam,948.57,26.11,Medium
307,7.0,422,8.0,0.56,0.2,5.13,0.32,8.05,0.74,8.21,0.25,1,48.71,Loamy,1060.72,28.45,Medium
364,8.6,718,7.4,0.53,0.68,4.22,0.25,1.96,0.48,14.05,0.42,1,57.05,Loamy,760.19,28.52,Medium
257,13.4,433,7.9,0.51,1.17,9.65,0.29,3.02,1.33,15.02,0.32,1,41.85,Silt,1056.6,28.56,Medium
251,10.5,412,7.3,0.59,0.88,5.43,0.33,4.51,1.42,8.26,0.46,1,59.45,Clay Loam,731.32,29.35,Medium
326,9.2,560,7.6,0.64,0.98,8.75,0.45,6.33,0.91,6.23,0.29,1,45.0,Silt,817.5,29.18,Medium
270,6.6,591,7.8,0.3,0.59,3.32,0.28,7.02,0.83,9.24,0.44,1,62.24,Loamy,1045.25,26.93,Medium
339,9.6,655,7.3,0.35,0.39,5.13,0.56,3.05,1.02,11.05,0.34,1,57.85,Clay Loam,718.99,24.13,Medium
207,7.2,581,8.1,0.32,0.1,7.84,0.25,2.08,1.85,17.56,0.63,0,44.35,Sandy,487.2,28.56,Low
351,9.9,570,7.4,0.36,0.68,9.65,0.33,3.79,1.33,13.05,0.31,1,60.01,Loamy,713.34,27.23,Medium
282,8.3,708,7.2,0.68,0.88,5.43,0.26,2.6,0.87,6.33,0.17,1,54.57,Clay Loam,1064.79,25.63,Medium
151,6.8,517,7.3,0.75,0.2,4.22,0.27,6.52,0.62,11.36,0.4,0,30.81,Sandy,647.14,33.32,Low
295,9.9,486,7.4,0.21,0.39,6.64,0.32,3.21,1.25,5.25,0.23,1,43.91,Clay Loam,1051.2,24.84,Medium
270,7.9,612,7.5,0.45,0.59,5.43,0.28,4.21,0.94,7.32,0.34,0,24.37,Red,425.15,28.37,Low
238,3.9,391,7.6,0.57,0.1,8.75,0.51,2.15,0.63,13.54,0.61,0,23.67,Red,540.24,33.37,Low
264,9.4,876,7.8,0.38,0.29,3.92,0.26,3.51,0.69,11.68,0.46,1,60.59,Clay Loam,880.37,24.93,Medium
370,9.2,644,7.9,0.61,0.78,5.13,0.33,7.21,1.25,3.47,0.36,1,53.52,Silt,881.06,24.23,Medium
289,7.5,486,7.8,0.46,1.17,6.64,0.27,3.02,1.85,5.69,0.69,1,62.98,Loamy,1023.3,25.33,Medium
251,9.4,454,7.8,0.39,0.88,4.52,0.48,2.77,0.87,8.23,0.53,0,30.39,Sandy,695.44,33.94,Low
320,8.1,507,8.3,0.65,0.1,8.45,0.52,5.66,1.32,14.05,0.4,1,50.95,Loamy,745.38,25.54,Medium
333,7.7,570,7.4,0.37,0.98,4.22,0.26,3.14,1.54,19.25,0.55,1,56.96,Silt,1085.61,24.61,Medium
282,4.8,560,7.8,0.45,0.88,9.95,0.39,6.02,0.86,13.42,0.73,1,55.63,Silt,978.01,27.12,Medium
264,7.9,602,7.6,0.49,0.1,4.83,0.51,4.22,0.53,5.15,0.48,0,25.63,Red,549.66,29.71,Low
257,6.8,475,7.5,0.41,0.78,8.45,0.28,4.05,0.84,6.8,0.23,0,23.03,Sandy,670.86,30.83,Low
276,12.9,517,7.6,0.48,0.59,4.52,0.47,3.39,1.02,14.5,0.27,1,64.07,Silt,853.38,26.38,Medium
364,8.3,581,7.8,0.43,0.68,9.95,0.25,4.22,1.98,16.23,0.5,1,50.62,Loamy,849.04,24.42,Medium
358,11.2,591,7.9,0.59,1.17,4.22,0.32,2.58,1.25,5.47,0.73,1,61.99,Clay Loam,913.03,25.82,Medium
351,11.0,539,7.3,0.51,0.88,6.64,0.29,5.33,1.05,8.32,0.34,1,40.35,Clay Loam,1016.53,26.51,Medium
370,7.0,623,7.4,0.65,1.27,5.13,0.33,4.21,1.47,9.24,0.32,1,55.25,Clay Loam,988.74,26.93,Medium
314,7.2,528,7.9,0.69,0.78,6.33,0.45,2.63,0.96,11.06,0.5,1,56.03,Clay Loam,848.19,28.37,Medium
201,6.8,433,7.23,0.33,0.49,4.83,0.26,4.05,0.43,4.78,0.25,0,38.8,Loamy Sand,604.7,29.89,Low
213,7.5,475,7.16,0.3,0.1,6.64,0.38,6.21,0.58,19.25,0.4,0,34.26,Loamy Sand,450.85,32.6,Low
169,8.3,570,7.03,0.36,0.68,5.13,0.6,7.22,0.85,3.89,0.34,0,34.72,Sandy,608.81,32.42,Low
201,5.9,560,7.0,0.42,0.88,8.14,0.48,6.05,1.02,6.02,0.55,0,35.5,Loamy Sand,558.23,30.8,Low
270,5.0,602,7.0,0.36,0.39,10.56,0.32,3.54,1.47,11.57,0.67,0,25.65,Red,453.55,29.68,Low
238,7.0,475,6.96,0.44,1.17,5.73,0.28,5.63,1.25,5.32,0.52,0,22.02,Loamy Sand,563.98,28.57,Low
176,6.1,444,9.97,0.35,0.78,8.14,0.74,4.36,0.54,12.05,0.34,0,23.32,Sandy,498.4,29.41,Low
245,8.6,454,7.0,0.36,0.1,9.95,0.59,3.05,0.63,7.48,0.55,0,27.62,Sandy,449.18,30.99,Low
201,7.2,454,7.16,0.4,0.39,8.75,0.32,4.63,0.95,6.32,0.69,0,40.71,Loamy Sand,560.6,33.76,Low
207,7.2,655,7.02,0.32,0.59,5.43,0.48,5.74,1.25,14.85,0.53,0,42.15,Loamy Sand,541.68,30.72,Low
257,5.3,644,7.01,0.33,0.29,9.95,0.62,5.63,1.39,12.05,0.71,0,40.35,Loamy Sand,676.63,33.12,Low
220,7.5,539,7.05,0.38,0.68,12.07,0.43,8.52,0.78,8.62,0.29,0,41.89,Loamy Sand,629.73,32.83,Low
295,5.5,412,7.0,0.41,0.49,7.84,0.24,3.55,0.54,13.47,0.53,1,55.84,Silt,766.66,27.17,Medium
213,5.9,454,7.05,0.37,0.29,5.43,0.51,3.02,1.25,9.06,0.36,0,43.3,Red,668.98,32.96,Low
201,6.8,475,7.07,0.26,0.1,3.92,0.38,4.15,0.39,13.26,0.63,0,21.53,Sandy,445.23,34.39,Low
345,6.8,475,7.0,0.67,0.88,5.13,0.5,6.52,0.41,14.15,0.27,1,45.99,Loamy,1080.16,29.69,Medium
188,5.9,539,7.14,0.6,0.39,8.45,0.46,7.54,1.05,11.25,0.53,0,29.44,Loamy Sand,575.46,31.29,Low
207,6.8,560,7.17,0.66,0.78,6.94,0.32,6.32,1.39,10.25,0.5,0,42.19,Sandy,458.81,30.31,Low
320,8.3,591,7.08,0.39,0.2,5.13,0.33,8.05,0.25,18.25,0.25,0,31.17,Red,459.77,30.31,Low
220,5.7,591,7.12,0.3,0.59,6.64,0.46,3.59,1.36,9.05,0.32,0,27.51,Loamy Sand,561.05,34.44,Low
213,7.0,623,7.1,0.32,0.29,5.73,0.59,5.55,1.08,12.06,0.29,0,28.51,Sandy,575.49,32.17,Low
264,7.5,655,7.19,0.65,0.98,7.24,0.38,8.06,0.65,13.22,0.42,0,44.62,Loamy Sand,459.17,32.12,Low
195,8.1,612,7.15,0.64,0.1,3.32,0.26,3.47,0.93,11.52,0.34,0,43.42,Sandy,624.56,28.09,Low
182,7.5,465,7.31,0.52,0.88,7.84,0.7,9.55,0.84,10.52,0.63,0,29.52,Loamy Sand,520.68,33.77,Low
201,6.4,444,7.14,0.59,0.2,3.92,0.63,4.85,1.23,7.54,0.17,0,22.35,Sandy,650.7,31.39,Low
232,7.5,750,7.16,0.62,0.68,7.24,0.4,3.86,1.58,9.06,0.29,0,34.09,Red,605.7,31.06,Low
169,7.2,718,7.17,0.82,0.1,11.46,0.49,7.54,1.04,8.52,0.32,0,40.94,Sandy,609.09,34.18,Low
238,5.7,655,7.21,0.59,0.88,7.54,0.53,4.25,0.68,12.03,0.5,0,34.05,Red,500.13,32.74,Low
201,5.9,665,7.23,0.62,0.49,5.73,0.61,6.85,0.79,14.86,0.73,0,30.97,Sandy,648.74,30.15,Low
69,5.0,718,7.21,0.57,0.39,10.86,0.38,7.05,0.32,7.52,0.8,0,34.38,Loamy Sand,543.44,30.19,Low
213,4.8,602,7.24,0.48,0.68,4.22,0.42,8.85,1.05,12.33,0.48,0,26.42,Red,545.88,29.28,Low
207,6.8,623,7.24,0.53,0.78,5.13,0.5,4.68,1.45,11.85,0.36,0,27.89,Red,693.1,30.94,Low
213,6.6,433,7.21,0.57,0.2,8.75,0.37,9.32,0.96,16.05,0.42,0,25.57,Loamy Sand,483.74,30.52,Low
314,6.8,412,7.19,0.32,1.07,9.95,0.61,7.86,1.03,5.96,0.34,1,54.53,Silt,961.8,26.71,Medium
138,6.4,454,7.21,0.89,0.88,8.75,0.59,4.51,1.85,7.45,0.63,0,24.42,Red,476.05,30.25,Low
195,8.1,549,7.24,0.57,1.17,3.32,0.4,3.78,1.49,12.63,0.27,0,22.44,Sandy,426.18,31.27,Low
201,8.3,528,7.3,0.49,0.1,5.43,0.39,8.05,1.3,18.52,0.21,0,24.99,Sandy,541.69,32.63,Low
151,7.5,539,7.26,0.55,0.68,7.84,0.6,6.55,0.52,10.96,0.52,0,37.34,Sandy,625.03,33.86,Low
201,8.6,539,7.2,0.67,0.49,11.16,0.43,7.41,1.23,16.53,0.59,0,23.5,Sandy,512.49,28.9,Low
82,7.5,644,7.18,0.45,0.88,12.07,0.28,3.89,0.87,6.32,0.42,0,32.27,Sandy,405.29,32.1,Low
207,5.5,444,7.27,0.45,0.78,8.75,0.36,4.58,0.69,14.02,0.34,0,36.13,Red,504.88,31.12,Low
201,8.6,475,7.22,0.64,0.59,8.14,0.55,7.08,1.05,19.32,0.36,0,37.58,Red,438.43,28.07,Low
132,8.3,507,7.21,0.44,0.29,6.03,0.6,6.32,1.56,11.25,0.59,0,35.21,Sandy,553.29,32.13,Low
264,4.8,549,7.27,0.78,1.07,8.45,0.41,4.58,0.86,8.02,0.29,0,27.03,Loamy Sand,658.54,31.98,Low
301,6.8,644,7.22,0.69,0.78,9.35,0.66,7.05,1.32,13.22,0.38,1,58.66,Silt,804.49,28.02,Medium
195,5.9,433,7.26,0.7,0.39,5.13,0.38,6.58,1.02,10.52,0.5,0,36.81,Loamy Sand,623.29,33.66,Low
238,6.8,475,7.25,0.6,0.29,5.43,0.28,4.85,0.63,7.54,0.36,0,27.44,Red,632.28,30.01,Low
138,8.1,644,7.31,0.31,0.1,9.05,0.51,7.05,0.57,16.32,0.4,0,31.99,Sandy,468.41,29.06,Low
213,6.8,444,7.07,0.43,0.78,5.73,0.39,3.86,1.25,8.22,0.27,0,31.93,Sandy,487.57,34.22,Low
201,7.5,465,7.03,0.37,1.07,7.84,0.47,4.15,1.33,14.33,0.32,0,34.01,Red,474.37,33.15,Low
163,7.7,507,7.14,0.31,0.88,5.43,0.56,9.52,0.95,4.96,0.48,0,26.12,Sandy,559.32,30.02,Low
88,7.2,655,7.07,0.28,0.49,7.24,0.33,7.55,1.02,3.25,0.36,0,27.62,Loamy Sand,676.04,34.7,Low
50,8.6,539,7.06,0.39,0.68,3.32,0.28,2.36,1.33,8.15,0.46,0,32.96,Red,649.05,31.03,Low
220,6.1,560,7.07,0.28,0.29,5.13,0.51,8.25,0.94,11.36,0.25,0,36.61,Red,505.45,29.38,Low
169,8.1,475,7.17,0.34,0.78,5.73,0.39,1.25,0.67,7.54,0.34,0,33.1,Loamy Sand,490.53,29.22,Low
207,7.0,539,7.12,0.32,0.2,7.84,0.25,9.02,1.25,10.22,0.48,0,23.4,Red,534.18,28.77,Low
144,6.8,422,7.1,0.31,0.78,6.94,0.37,4.15,1.03,9.06,0.31,0,44.9,Loamy Sand,553.41,31.79,Low
251,6.4,644,7.12,0.32,0.1,5.43,0.47,3.22,1.93,15.23,0.4,0,25.32,Red,637.98,32.92,Low
195,8.1,581,7.15,0.41,0.68,9.65,0.28,7.55,0.84,17.54,0.53,0,26.61,Loamy Sand,507.7,34.12,Low
201,8.3,539,7.12,0.4,1.17,4.52,0.32,6.35,1.02,13.22,0.63,0,40.96,Sandy,579.44,30.58,Low
88,7.7,539,7.12,0.35,0.88,6.64,0.58,8.52,0.57,10.25,0.31,0,38.89,Red,530.28,31.92,Low
201,8.6,570,7.11,0.38,0.2,5.13,0.24,4.02,1.25,6.32,0.21,0,42.73,Loamy Sand,536.62,32.97,Low
257,6.8,475,7.14,0.33,0.59,4.22,0.39,9.63,0.63,8.54,0.53,0,34.63,Loamy Sand,435.94,31.89,Low
176,4.8,496,7.15,0.32,0.39,6.64,0.22,1.58,1.22,12.03,0.67,0,36.88,Sandy,455.36,31.41,Low
201,8.3,655,7.15,0.36,0.1,5.43,0.58,7.25,1.54,9.62,0.27,0,33.05,Loamy Sand,471.6,29.83,Low
88,9.0,539,7.14,0.29,1.07,7.84,0.42,6.32,0.86,14.0,0.53,0,20.31,Loamy Sand,647.41,30.03,Low
232,8.1,412,7.21,0.29,0.78,10.56,0.32,4.15,1.02,13.25,0.63,0,30.66,Red,567.91,32.14,Low
320,7.5,401,7.22,0.4,0.49,4.22,0.27,8.33,0.94,7.54,0.31,1,50.27,Silt,788.32,24.6,Medium
201,6.6,560,7.23,0.36,0.39,4.52,0.51,7.12,1.25,9.33,0.46,0,34.31,Red,639.2,33.12,Low
69,9.0,465,7.2,0.52,0.88,8.45,0.28,4.11,1.02,11.52,0.59,0,20.23,Loamy Sand,658.11,28.02,Low
220,5.5,391,7.23,0.29,0.29,4.22,0.33,6.32,0.96,12.05,0.34,0,31.24,Sandy,466.77,28.49,Low
138,8.6,475,7.28,0.27,0.68,4.83,0.39,2.52,0.74,14.51,0.42,0,29.4,Sandy,565.67,29.98,Low
232,6.6,581,7.3,0.31,0.2,6.94,0.25,1.36,1.25,9.63,0.27,0,38.44,Sandy,499.43,33.73,Low
301,6.8,634,7.29,0.43,0.49,5.13,0.47,7.05,1.33,12.44,0.55,1,48.48,Loamy,969.49,25.04,Medium
195,7.0,655,7.3,0.36,0.1,7.54,0.26,1.52,0.94,7.85,0.61,0,38.48,Sandy,525.89,29.71,Low
326,8.3,475,7.35,0.38,0.59,11.76,0.35,4.55,1.25,13.26,0.32,1,59.3,Loamy,902.09,27.8,Medium
213,8.3,433,7.35,0.36,1.07,4.22,0.28,6.32,1.03,8.54,0.42,0,40.73,Loamy Sand,658.66,31.5,Low
169,5.9,539,7.29,0.33,0.39,7.54,0.36,5.21,1.25,5.21,0.48,0,43.39,Red,546.63,28.1,Low
182,6.8,560,7.18,0.31,0.88,4.22,0.42,3.26,0.96,12.03,0.4,0,34.81,Sandy,656.5,32.27,Low
94,4.8,560,7.32,0.32,0.1,6.94,0.51,7.51,1.25,17.11,0.32,0,40.83,Sandy,534.73,34.83,Low
295,7.2,454,7.35,0.34,0.68,4.52,0.38,4.02,1.02,10.25,0.25,1,43.18,Silt,813.27,26.19,Medium
320,7.5,433,7.46,0.7,1.07,8.14,0.22,9.32,0.78,9.32,0.5,1,41.95,Clay Loam,1001.31,26.65,Medium
201,4.6,433,7.37,0.39,0.59,10.86,0.29,1.05,0.54,5.26,0.34,0,20.48,Sandy,411.32,30.38,Low
213,5.7,496,7.49,0.78,0.78,4.52,0.36,5.26,1.26,7.54,0.42,0,36.45,Sandy,489.6,30.38,Low
207,7.0,528,7.39,0.45,0.2,7.84,0.37,8.33,1.32,13.25,0.27,0,37.66,Red,689.96,31.27,Low
94,7.7,486,7.42,0.41,1.17,3.92,0.54,4.21,1.05,8.55,0.36,0,32.73,Red,498.74,28.38,Low
295,7.0,433,7.41,0.35,0.49,8.45,0.48,2.05,2.01,6.36,0.61,1,50.78,Silt,855.04,25.4,Medium
195,8.3,454,7.44,0.3,0.88,6.64,0.26,3.22,1.56,10.25,0.29,0,43.12,Red,626.12,30.16,Low
364,8.1,486,7.45,0.49,0.1,9.35,0.35,7.12,0.98,7.54,0.5,1,46.93,Silt,894.42,27.27,Medium
201,8.1,444,7.51,0.51,0.68,3.62,0.48,6.32,0.76,13.22,0.32,0,29.53,Red,456.28,28.0,Low
220,6.4,433,7.53,0.62,0.78,4.83,0.22,1.52,1.93,9.02,0.67,0,23.03,Red,584.66,33.09,Low
207,7.2,444,7.54,0.42,0.29,6.64,0.37,8.02,1.42,11.05,0.34,0,22.37,Red,609.64,29.48,Low
201,7.2,338,7.49,0.67,0.88,5.43,0.48,4.22,0.84,6.35,0.46,0,41.8,Red,609.16,29.61,Low
295,7.2,412,7.61,0.41,1.07,4.22,0.51,3.58,0.63,17.54,0.34,1,40.8,Loamy,731.92,29.53,Medium
195,8.1,433,7.53,0.53,0.59,6.33,0.29,8.06,1.22,13.22,0.42,0,42.38,Sandy,500.15,30.8,Low
276,8.1,581,7.92,0.61,0.39,5.13,0.33,4.56,1.08,11.05,0.31,1,45.79,Loamy,902.75,28.58,Medium
207,6.8,560,8.02,0.6,1.17,9.65,0.55,3.54,1.54,14.52,0.61,0,23.97,Loamy Sand,635.43,30.61,Low
295,7.7,539,8.05,0.6,0.88,5.43,0.28,8.78,0.96,10.63,0.32,1,53.76,Clay Loam,1082.59,29.62,Medium
264,7.9,370,7.81,0.58,0.39,6.64,0.42,6.23,1.32,6.58,0.29,1,58.56,Silt,715.69,27.74,Medium
320,9.4,454,7.86,0.61,0.1,11.46,0.39,6.14,1.25,4.51,0.42,1,41.48,Clay Loam,987.83,28.35,Medium
289,11.0,391,7.65,0.72,0.98,10.56,0.33,5.2,0.5,9.3,0.34,1,59.31,Clay Loam,984.29,28.62,Medium
314,8.3,412,7.23,0.67,0.2,8.14,0.21,4.59,1.63,11.56,0.29,1,51.01,Silt,725.14,26.02,Medium
345,5.9,549,7.7,0.65,0.68,7.84,0.25,2.15,1.25,9.64,0.36,1,60.97,Clay Loam,926.85,26.5,Medium
238,10.7,612,7.77,0.6,0.88,3.92,0.47,3.56,1.3,3.74,0.23,1,61.45,Loamy,1024.17,27.42,Medium
320,7.7,401,7.7,0.58,0.49,4.22,0.51,4.67,0.86,9.05,0.34,1,50.27,Loamy,831.78,29.16,Medium
307,12.3,412,7.62,0.55,0.68,5.43,0.63,5.47,0.59,12.47,0.69,1,63.02,Clay Loam,957.74,25.07,Medium
326,11.2,539,7.57,0.61,0.39,7.24,0.29,2.69,0.47,8.63,0.32,1,55.39,Silt,1030.8,28.11,Medium
314,7.5,306,7.64,0.58,0.2,4.83,0.32,4.28,0.9,11.03,0.48,1,48.79,Loamy,920.53,26.23,Medium
245,9.4,359,7.71,0.59,0.88,8.45,0.28,5.31,1.59,7.98,0.34,1,55.24,Loamy,1039.45,27.83,Medium
289,6.1,602,7.59,0.64,0.1,6.33,0.51,1.92,1.36,6.48,0.42,1,41.88,Clay Loam,1077.49,29.6,Medium
339,10.7,486,7.58,0.61,0.49,5.13,0.46,2.56,1.87,5.21,0.55,1,57.32,Silt,942.39,24.04,Medium
333,11.2,412,7.66,0.65,0.68,8.75,0.38,3.68,0.86,4.96,0.67,1,50.28,Silt,1068.4,25.33,Medium
176,11.6,401,7.82,0.63,0.29,10.86,0.55,4.69,1.59,12.36,0.27,0,24.33,Sandy,433.03,33.72,Low
358,9.2,370,7.59,0.69,1.07,5.13,0.3,3.55,2.02,7.51,0.34,1,53.37,Loamy,803.7,26.35,Medium
345,5.5,391,7.68,0.61,0.68,6.33,0.28,6.98,1.45,3.48,0.5,1,50.54,Loamy,872.49,25.51,Medium
132,5.9,475,7.62,0.63,0.88,8.75,0.51,8.59,0.63,15.96,0.32,0,33.61,Sandy,647.73,31.84,Low
333,7.2,612,7.64,0.59,1.17,11.16,0.37,7.15,0.85,9.02,0.61,1,49.45,Silt,718.46,26.73,Medium
245,7.5,686,7.56,0.59,0.1,4.22,0.62,5.58,1.09,6.23,0.31,0,22.85,Red,684.46,29.24,Low
345,6.8,327,7.58,0.58,0.68,8.45,0.32,3.87,1.57,7.02,0.21,1,64.02,Loamy,1018.53,24.77,Medium
188,6.4,412,7.57,0.59,0.2,11.16,0.51,4.25,0.96,9.32,0.55,0,26.67,Red,529.77,31.89,Low
276,7.0,348,7.58,0.66,0.39,8.45,0.66,9.17,0.54,14.68,0.52,1,57.26,Loamy,748.72,24.03,Medium
264,6.8,412,7.53,0.59,0.1,6.64,0.37,6.54,1.08,9.54,0.67,1,52.29,Clay Loam,871.29,27.59,Medium
295,6.6,359,7.46,0.7,1.17,5.13,0.25,5.38,1.77,11.06,0.27,1,60.8,Loamy,996.9,26.73,Medium
238,6.8,380,7.56,0.61,0.68,3.92,0.31,4.26,0.39,7.58,0.29,0,44.48,Loamy Sand,624.86,29.4,Low
289,7.5,433,7.48,0.6,0.1,4.52,0.26,3.39,1.09,16.48,0.23,1,57.2,Clay Loam,1001.25,25.34,Medium
188,6.8,507,7.51,0.55,1.17,10.56,0.41,8.47,1.36,11.56,0.34,0,42.46,Red,414.65,30.47,Low
276,6.6,380,7.57,0.58,0.88,7.24,0.55,2.53,0.58,7.52,0.5,1,52.91,Loamy,706.8,27.72,Medium
326,6.8,264,7.51,0.72,0.68,5.13,0.37,5.95,1.25,15.6,0.4,1,64.75,Clay Loam,743.95,28.3,Medium
307,7.0,539,7.45,0.78,0.49,6.64,0.48,4.6,1.87,12.03,0.27,1,40.98,Loamy,961.56,27.67,Medium
207,7.5,348,7.62,0.62,0.1,4.83,0.25,7.56,0.44,7.5,0.53,0,20.67,Red,653.04,30.68,Low
257,5.9,602,7.66,0.61,0.88,8.14,0.36,3.95,0.98,19.32,0.5,0,44.54,Sandy,491.83,30.83,Low
358,8.6,517,7.78,0.58,0.2,4.52,0.58,5.68,1.05,11.48,0.48,1,50.46,Silt,1030.91,24.9,Medium
25,4.8,338,7.72,0.55,0.39,11.46,0.61,4.55,1.36,9.32,0.25,0,21.73,Sandy,430.92,28.93,Low
176,4.6,433,7.55,0.42,1.17,7.24,0.47,7.23,0.84,7.51,0.32,0,24.12,Loamy Sand,636.0,29.74,Low
345,5.3,306,7.51,0.38,1.07,5.43,0.24,5.91,0.32,6.23,0.55,1,62.92,Loamy,797.67,25.62,Medium
126,6.8,391,7.52,0.72,0.88,7.84,0.39,4.21,1.02,8.05,0.67,0,37.74,Red,436.81,31.15,Low
264,7.2,370,7.68,0.66,1.27,10.56,0.6,6.52,1.57,11.05,0.4,0,23.96,Sandy,597.08,32.07,Low
245,7.5,401,7.61,0.63,0.78,12.07,0.52,5.27,1.96,6.34,0.29,1,52.9,Loamy,977.71,27.94,Medium
320,8.6,591,7.62,0.71,0.1,8.75,0.47,8.26,0.83,12.47,0.53,1,46.7,Clay Loam,911.05,28.69,Medium
339,7.5,517,7.78,0.73,0.1,6.94,0.33,9.32,1.25,11.42,0.42,1,49.66,Loamy,826.31,24.29,Medium
333,6.8,422,7.72,0.82,0.78,11.46,0.32,7.34,1.26,9.5,0.25,1,43.91,Clay Loam,734.8,27.97,Medium
264,18.4,517,7.68,0.62,0.78,11.46,0.29,10.25,1.06,17.54,0.34,1,64.26,Loamy,959.71,28.15,Medium
320,20.4,401,7.62,0.68,0.39,4.22,0.26,7.54,0.87,11.63,0.61,2,69.69,Alluvial,1234.0,25.65,High
289,19.3,507,7.51,0.71,0.88,6.64,0.37,6.32,0.63,10.25,0.36,1,46.27,Loamy,950.36,24.37,Medium
276,18.2,591,7.48,0.7,0.29,4.52,0.54,7.21,1.25,18.32,0.42,1,47.21,Clay Loam,864.66,24.74,Medium
295,19.5,539,7.39,0.68,0.68,8.45,0.28,4.02,0.84,4.05,0.29,1,44.17,Loamy,731.26,28.96,Medium
333,20.8,370,7.45,0.55,0.2,4.83,0.55,8.32,1.25,12.03,0.5,2,78.02,Alluvial,1455.74,22.9,High
351,21.5,718,7.58,0.38,1.07,6.64,0.37,4.55,0.83,6.32,0.21,2,71.16,Black,1148.71,23.71,High
320,20.4,433,7.68,0.42,0.78,3.92,0.48,6.32,1.02,7.54,0.32,2,60.62,Black,1022.03,20.4,High
339,21.1,454,7.73,0.65,0.88,7.54,0.22,4.21,0.87,13.25,0.46,2,68.87,Clay,1085.33,22.69,High
245,7.5,422,8.0,0.62,0.39,4.22,0.26,9.05,1.25,9.63,0.34,0,25.87,Sandy,509.12,34.93,Low
282,9.2,338,7.4,0.51,0.2,8.45,0.59,3.22,1.36,14.02,0.61,1,47.3,Silt,945.69,25.04,Medium
264,10.7,444,7.8,0.54,0.68,10.86,0.45,8.22,0.91,10.25,0.29,1,60.36,Silt,1009.22,26.76,Medium
320,8.1,422,7.6,0.55,0.29,9.95,0.51,6.03,0.84,8.32,0.8,1,45.61,Loamy,1002.55,27.19,Medium
314,12.7,359,7.5,0.49,0.78,5.13,0.33,4.21,0.53,11.36,0.36,1,63.92,Loamy,1091.91,29.22,Medium
282,6.8,338,7.8,0.61,0.39,4.52,0.26,7.12,1.22,9.32,0.4,1,57.65,Clay Loam,804.22,28.76,Medium
169,8.1,370,7.9,0.58,1.07,7.24,0.47,10.55,0.78,4.15,0.34,0,33.44,Red,642.4,30.62,Low
245,10.5,327,7.4,0.43,0.49,8.75,0.51,4.02,1.02,17.54,0.42,1,40.96,Silt,1037.92,25.15,Medium
257,8.6,380,7.5,0.52,0.78,3.62,0.23,6.32,1.36,12.03,0.25,1,58.3,Loamy,1042.79,29.33,Medium
264,7.7,465,7.6,0.64,0.29,10.86,0.28,8.22,0.84,10.55,0.32,1,56.55,Clay Loam,998.66,28.28,Medium
333,9.2,380,7.4,0.61,0.59,4.52,0.51,4.49,0.49,16.03,0.32,1,55.89,Silt,1050.33,26.79,Medium
320,12.7,348,7.3,0.44,0.29,7.84,0.36,5.32,1.05,7.05,0.48,1,50.03,Silt,750.07,26.86,Medium
307,9.0,370,7.2,0.65,0.68,9.95,0.25,9.26,0.78,6.32,0.36,1,63.33,Clay Loam,1019.69,25.88,Medium
276,8.6,338,7.1,0.58,1.17,8.45,0.31,7.42,0.64,12.47,0.21,1,47.02,Silt,1094.6,27.52,Medium
270,14.7,465,7.4,0.49,0.1,11.16,0.51,3.64,0.59,9.8,0.32,1,40.32,Clay Loam,916.35,27.6,Medium
282,9.9,422,7.8,0.43,0.78,4.52,0.27,5.19,1.09,3.59,0.53,1,45.91,Silt,844.01,27.94,Medium
301,7.2,370,7.9,0.47,1.07,7.84,0.38,6.38,0.47,7.51,0.67,1,40.87,Loamy,1097.51,29.62,Medium
295,8.1,401,7.3,0.44,0.59,8.45,0.54,4.62,1.58,6.3,0.27,1,43.49,Clay Loam,851.43,25.96,Medium
307,10.1,391,7.2,0.53,0.2,6.33,0.27,2.88,0.63,12.05,0.36,1,54.85,Clay Loam,825.84,25.59,Medium
264,10.5,444,7.87,0.66,0.39,10.56,0.37,4.1,0.74,14.58,0.4,1,51.05,Clay Loam,973.48,26.45,Medium
301,9.9,359,0.9,0.52,0.88,8.14,0.43,6.33,1.25,8.96,0.32,1,44.55,Loamy,1045.99,27.9,Medium
270,9.0,412,7.57,0.32,0.68,7.84,0.52,4.58,1.03,11.36,0.25,1,59.07,Clay Loam,1007.21,29.53,Medium
314,8.6,391,0.9,0.56,0.98,3.92,0.51,1.78,0.6,7.58,0.21,1,42.58,Loamy,916.93,27.69,Medium
345,8.8,444,7.8,0.31,0.78,4.22,0.57,2.91,1.42,19.02,0.55,1,46.07,Loamy,845.08,29.14,Medium
307,8.3,359,7.6,0.68,1.07,5.43,0.36,7.82,0.87,13.26,0.67,1,55.28,Clay Loam,702.32,27.31,Medium
333,8.6,359,8.0,0.35,0.68,7.24,0.58,2.55,0.43,12.56,0.42,1,60.33,Silt,913.93,27.99,Medium
358,6.8,486,8.3,0.33,0.59,4.83,0.34,9.17,1.05,8.05,0.31,1,50.25,Silt,930.74,29.54,Medium
257,7.5,507,7.3,0.37,0.88,8.45,0.29,4.42,1.25,13.06,0.31,1,64.57,Clay Loam,1031.28,26.38,Medium
295,2.9,612,7.85,0.83,0.2,6.33,0.33,8.61,1.88,4.25,0.21,1,41.47,Loamy,830.97,24.68,Medium
276,10.7,655,8.4,0.45,1.07,5.13,0.58,3.32,2.01,9.6,0.32,1,58.94,Silt,926.92,25.44,Medium
301,12.7,422,8.95,0.39,0.49,8.75,0.67,5.91,0.89,13.52,0.44,1,48.78,Loamy,834.59,25.21,Medium
282,15.6,602,9.5,0.42,0.2,5.13,0.6,5.7,1.07,7.54,0.34,1,58.48,Clay Loam,1081.8,26.7,Medium
295,13.4,412,10.05,0.73,0.68,6.33,0.52,3.31,1.89,3.25,0.48,1,57.23,Silt,1027.62,29.45,Medium
326,11.8,444,10.6,0.88,0.88,8.75,0.43,6.52,0.85,8.05,0.27,1,55.12,Silt,971.21,25.93,Medium
358,12.5,581,11.15,0.51,0.49,11.16,0.28,4.13,1.23,11.03,0.36,2,68.51,Black,1182.99,24.6,High
264,10.3,475,7.49,0.74,0.78,4.22,0.66,9.31,0.78,6.05,0.44,1,54.33,Loamy,932.99,29.06,Medium
333,14.9,422,8.26,0.48,1.17,8.45,0.51,3.32,1.08,9.21,0.32,2,83.2,Clay,1262.36,23.46,High
320,13.8,391,7.38,0.65,0.88,11.16,0.39,6.67,0.65,8.12,0.48,2,76.79,Alluvial,1003.61,20.75,High
282,5.5,665,7.8,0.44,0.1,8.45,0.45,5.51,0.93,12.36,0.31,1,41.7,Silt,893.66,28.29,Medium
326,10.7,612,7.9,0.4,0.49,6.64,0.36,6.4,0.84,6.35,0.48,1,48.05,Silt,737.28,24.34,Medium
295,11.8,697,7.6,0.56,0.68,5.13,0.85,5.72,1.23,11.06,0.27,1,50.2,Silt,989.1,25.42,Medium
276,6.1,655,7.4,0.33,0.2,3.92,0.52,6.67,1.58,7.35,0.34,1,52.07,Clay Loam,761.74,28.15,Medium
182,8.1,370,7.5,0.68,0.78,4.52,0.33,3.33,1.04,15.21,0.29,0,44.15,Loamy Sand,655.52,28.67,Low
289,9.4,634,7.1,0.51,0.29,7.24,0.4,9.67,0.68,6.03,0.21,1,46.51,Silt,790.08,26.15,Medium
257,76.8,813,7.9,0.45,1.07,5.73,0.48,6.51,0.79,4.52,0.31,1,40.11,Loamy,906.04,24.75,Medium
364,7.2,644,7.5,0.42,0.88,10.56,0.63,4.42,0.32,12.32,0.32,1,56.22,Silt,766.28,27.16,Medium
201,9.0,623,7.6,0.37,0.2,6.33,0.42,6.52,1.05,5.03,0.25,0,33.69,Loamy Sand,649.46,34.42,Low
333,7.0,676,7.3,0.69,1.17,4.83,0.52,3.39,1.45,9.65,0.5,1,58.14,Loamy,943.51,25.37,Medium
320,12.3,676,7.9,0.5,0.59,9.95,0.38,8.24,0.96,11.05,0.27,1,53.07,Loamy,858.43,29.31,Medium
251,6.6,444,7.5,0.63,0.39,5.43,0.42,1.78,1.03,6.32,0.4,0,31.01,Loamy Sand,408.0,32.56,Low
339,5.7,697,8.0,0.65,0.68,8.75,0.32,6.25,1.85,15.47,0.42,1,41.21,Clay Loam,851.28,25.29,Medium
326,11.2,539,7.3,0.21,0.1,6.33,0.52,4.12,1.49,3.05,0.29,1,41.05,Silt,891.8,28.25,Medium
289,7.5,708,8.1,0.37,0.59,4.22,0.38,6.58,1.3,12.06,0.46,1,63.93,Clay Loam,1008.43,26.11,Medium
314,9.2,370,7.4,0.69,0.39,5.43,0.24,2.51,0.52,11.48,0.32,1,58.75,Clay Loam,722.6,24.1,Medium
345,8.3,560,7.8,0.51,0.2,6.94,0.39,7.5,1.23,14.21,0.44,1,54.09,Loamy,1078.49,28.21,Medium
270,6.6,338,7.1,0.42,1.07,4.52,0.5,3.02,0.87,9.33,0.36,1,53.33,Clay Loam,904.12,28.4,Medium
195,4.8,422,7.9,0.56,0.88,8.45,0.39,4.51,0.69,6.54,0.48,0,30.46,Loamy Sand,630.85,32.26,Low
364,12.9,401,8.4,0.54,0.2,9.35,0.45,1.02,1.05,12.03,0.59,1,47.38,Silt,700.25,28.18,Medium
314,8.1,570,8.1,0.78,0.68,5.13,0.22,2.25,1.56,15.26,0.27,1,55.93,Silt,1069.5,24.6,Medium
358,7.2,327,8.2,0.5,0.29,7.24,0.37,3.15,0.86,6.32,0.21,1,64.05,Loamy,933.21,29.25,Medium
257,11.2,412,8.0,0.31,1.07,5.43,0.45,6.21,1.32,11.54,0.29,0,24.65,Sandy,509.47,33.38,Low
245,5.9,686,7.9,0.56,0.68,7.84,0.61,7.45,1.47,9.03,0.53,0,30.95,Sandy,539.61,33.83,Low
276,5.5,348,7.3,0.62,0.2,3.92,0.28,5.32,0.74,2.78,0.4,1,41.3,Loamy,954.79,27.19,Medium
326,11.2,708,7.4,0.55,0.59,5.43,0.32,6.03,0.86,13.26,0.31,1,48.28,Silt,1004.32,25.21,Medium
282,5.3,834,7.5,0.58,0.39,9.35,0.28,2.15,1.32,7.05,0.53,1,61.0,Clay Loam,792.18,28.16,Medium
270,6.1,697,7.0,0.4,0.68,6.64,0.51,2.14,0.96,9.21,0.52,1,58.29,Clay Loam,1005.95,27.26,Medium
295,4.4,634,7.9,0.53,1.17,5.13,0.46,3.21,1.25,14.05,0.48,1,42.83,Clay Loam,1030.04,26.27,Medium
289,5.7,612,7.5,0.67,0.59,11.76,0.39,5.21,1.3,2.68,0.44,1,42.82,Clay Loam,960.16,29.45,Medium
314,11.8,359,7.6,0.52,1.27,6.33,0.52,2.15,0.86,3.59,0.27,1,55.68,Loamy,1012.74,27.24,Medium
245,6.6,655,7.8,0.59,0.1,5.13,0.3,1.05,0.59,7.12,0.55,0,23.76,Sandy,549.41,30.81,Low
257,7.2,697,7.9,0.64,0.78,6.64,0.29,2.06,0.47,16.03,0.73,0,26.36,Red,580.32,32.64,Low
301,6.4,327,8.1,0.67,0.39,9.05,0.32,3.32,0.9,14.59,0.5,1,54.73,Clay Loam,1080.43,24.87,Medium
351,12.3,475,7.4,0.45,0.88,8.45,0.47,1.58,1.59,2.15,0.46,1,56.81,Clay Loam,1081.61,28.88,Medium
276,7.2,348,7.5,0.69,0.2,10.26,0.56,2.69,1.36,9.32,0.29,1,40.29,Clay Loam,983.69,29.33,Medium
264,6.1,644,7.6,0.33,0.68,9.95,0.28,3.21,1.87,11.05,0.32,0,22.06,Sandy,687.45,29.45,Low
358,11.4,401,7.8,0.54,0.49,8.45,0.31,3.57,0.86,7.36,0.21,1,42.67,Loamy,990.53,27.72,Medium
220,7.0,634,7.9,0.62,0.1,4.52,0.22,2.6,1.59,14.52,0.53,0,26.14,Red,402.94,34.23,Low
270,7.7,771,7.1,0.2,0.78,8.75,0.35,7.32,2.02,19.03,0.44,1,61.21,Silt,970.43,26.19,Medium
245,5.5,391,7.8,0.54,0.29,11.46,0.39,6.21,1.45,11.25,0.29,0,44.65,Red,547.98,31.99,Low
251,6.4,655,7.5,0.68,1.07,4.52,0.28,4.51,0.63,2.69,0.46,0,37.13,Loamy Sand,505.72,29.69,Low
301,8.1,729,7.6,0.36,0.88,7.84,0.54,5.32,0.85,8.12,0.34,1,53.18,Silt,987.8,24.57,Medium
270,11.8,781,7.4,0.46,1.17,9.95,0.33,6.02,1.09,13.25,0.32,1,59.43,Loamy,1021.84,27.18,Medium
257,6.6,401,7.9,0.61,0.1,8.45,0.38,4.96,1.57,9.36,0.5,0,22.04,Loamy Sand,620.68,33.52,Low
264,7.9,380,7.2,0.33,0.88,11.16,0.49,3.51,0.96,10.85,0.21,1,56.84,Clay Loam,970.24,25.83,Medium
276,11.2,475,7.5,0.35,0.39,4.52,0.52,6.32,0.54,8.62,0.34,1,61.44,Loamy,1006.32,24.97,Medium
270,8.6,454,7.52,0.41,0.68,7.84,0.66,4.21,1.08,11.47,0.44,1,49.68,Silt,973.45,29.08,Medium
213,7.5,306,7.63,0.51,0.59,8.45,0.39,3.2,1.77,9.63,0.32,0,23.85,Red,647.81,32.64,Low
157,6.8,760,7.71,0.73,0.2,6.33,0.54,1.6,0.39,18.05,0.36,0,37.34,Loamy Sand,445.33,28.01,Low
207,7.5,306,7.72,0.72,0.39,10.56,0.26,3.25,1.25,4.85,0.21,0,30.58,Red,429.26,31.86,Low
151,7.2,465,7.53,0.43,1.17,8.14,0.37,4.15,0.98,7.32,0.34,0,26.92,Sandy,497.59,29.93,Low
201,7.7,507,7.82,0.43,0.78,7.84,0.55,6.32,0.63,13.85,0.25,0,37.0,Loamy Sand,519.87,29.1,Low
220,9.0,338,7.52,0.84,0.1,3.92,0.42,2.85,1.54,11.25,0.17,0,40.14,Sandy,414.31,33.79,Low
207,8.6,454,7.44,0.41,0.88,4.22,0.6,3.02,0.87,6.32,0.5,0,31.31,Red,590.6,34.27,Low
151,7.9,380,7.42,0.62,0.29,5.43,0.28,4.15,0.63,7.54,0.25,0,34.38,Loamy Sand,446.63,33.36,Low
163,6.1,296,7.34,0.44,0.39,7.24,0.33,9.62,0.42,15.22,0.53,0,43.63,Red,695.44,29.52,Low
276,8.6,486,7.52,0.52,0.68,4.83,0.38,4.15,1.02,9.02,0.27,1,49.15,Silt,707.21,25.7,Medium
270,8.3,465,7.29,0.63,0.1,8.45,0.45,7.62,1.63,11.52,0.42,1,40.18,Loamy,781.05,25.85,Medium
69,8.1,422,7.42,0.53,0.59,6.33,0.41,3.52,0.89,18.63,0.32,0,33.32,Red,679.47,31.68,Low
307,103.1,232,7.25,0.82,0.49,5.13,0.27,6.25,1.02,10.25,0.21,1,54.27,Loamy,928.77,28.96,Medium
31,78.9,433,7.72,0.62,0.29,8.75,0.33,4.05,0.54,6.32,0.25,0,40.01,Red,469.99,34.74,Low
320,63.6,306,7.61,0.42,1.07,10.86,0.28,8.35,0.78,7.54,0.53,1,61.65,Loamy,758.3,27.46,Medium
314,61.4,359,7.35,0.42,0.88,5.13,0.56,3.14,1.02,14.02,0.59,1,57.81,Loamy,836.48,28.97,Medium
270,70.2,750,7.77,0.34,0.39,6.33,0.35,6.52,1.86,18.52,0.27,1,47.34,Loamy,774.49,29.33,Medium
276,68.0,296,7.65,0.53,0.68,8.75,0.29,4.12,1.32,11.25,0.4,1,61.52,Clay Loam,1038.38,28.04,Medium
270,65.8,306,8.02,0.64,0.2,11.16,0.36,8.06,0.93,9.62,0.53,1,59.9,Silt,748.32,24.96,Medium
69,74.6,454,7.72,0.56,0.59,7.54,0.24,3.45,1.25,8.05,0.21,0,28.74,Red,577.34,33.8,Low
276,81.1,380,7.71,0.71,0.78,3.92,0.35,2.21,1.54,4.51,0.5,1,62.96,Loamy,923.07,25.08,Medium
270,68.0,317,7.51,0.53,1.07,8.45,0.28,1.59,0.84,6.32,0.25,1,41.8,Loamy,1039.29,26.12,Medium
301,63.6,327,7.7,0.53,0.88,4.22,0.57,6.32,1.25,14.25,0.32,1,64.64,Clay Loam,861.26,27.17,Medium
270,70.2,401,7.51,0.7,1.17,6.64,0.49,4.02,0.36,7.54,0.36,1,48.28,Loamy,835.17,27.79,Medium
276,61.4,422,7.44,0.54,0.88,4.83,0.26,1.87,0.87,11.25,0.21,1,48.87,Clay Loam,704.02,29.85,Medium
107,74.6,486,7.53,0.58,0.68,6.94,0.35,6.25,1.25,8.32,0.29,0,38.74,Loamy Sand,487.3,28.58,Low
75,59.2,549,7.5,0.46,0.1,10.56,0.28,3.05,0.93,6.32,0.69,0,32.21,Red,422.8,29.88,Low
207,74.6,686,7.41,0.57,1.07,4.22,0.51,4.2,1.25,9.25,0.46,1,47.19,Clay Loam,764.85,28.53,Medium
100,74.6,412,7.51,0.45,0.78,7.54,0.26,3.54,1.63,14.25,0.29,0,34.34,Red,431.27,31.55,Low
207,78.9,718,7.29,0.52,0.2,5.43,0.37,6.02,0.85,18.22,0.46,1,61.46,Clay Loam,1083.26,29.66,Medium
144,81.1,401,7.41,0.61,0.68,6.64,0.44,7.51,1.25,10.25,0.34,0,31.05,Loamy Sand,545.94,32.0,Low
213,98.7,359,7.34,0.82,0.88,3.92,0.51,3.21,1.03,3.28,0.63,1,41.96,Loamy,1078.63,24.9,Medium
201,74.6,454,7.33,0.56,0.39,7.84,0.28,6.54,1.87,9.63,0.29,1,60.69,Silt,903.67,25.05,Medium
151,85.5,422,8.12,0.46,0.49,9.65,0.36,7.02,0.84,14.52,0.55,0,24.58,Sandy,491.7,33.6,Low
144,70.2,581,7.43,0.53,0.29,5.13,0.29,5.12,1.25,10.25,0.61,0,33.07,Loamy Sand,428.47,33.87,Low
282,72.4,549,7.62,0.63,0.1,3.32,0.37,6.32,1.63,7.54,0.46,1,41.38,Loamy,874.13,25.71,Medium
207,76.8,560,7.42,0.42,0.78,7.54,0.48,4.15,1.02,13.25,0.29,1,59.02,Loamy,925.19,27.46,Medium
220,9.0,454,7.03,0.53,0.68,3.62,0.22,9.03,1.87,10.58,0.21,0,36.29,Red,684.07,33.64,Low
276,12.9,401,7.91,0.52,0.2,7.54,0.26,2.15,0.84,6.33,0.71,1,49.06,Clay Loam,947.12,27.18,Medium
282,13.2,433,7.02,0.81,0.1,4.22,0.37,6.32,0.93,14.25,0.29,1,48.41,Loamy,1080.81,28.13,Medium
264,12.1,560,7.44,0.53,1.07,10.86,0.48,1.25,1.02,10.25,0.42,1,57.8,Silt,720.32,24.65,Medium
195,9.4,539,7.58,0.76,0.88,8.75,0.56,7.02,1.33,7.54,0.34,0,26.21,Red,506.0,28.57,Low
188,9.2,444,7.32,0.49,0.59,3.92,0.52,3.25,1.58,6.32,0.74,0,33.63,Loamy Sand,535.56,34.01,Low
226,9.0,422,7.43,0.71,0.88,8.14,0.48,5.22,0.78,9.25,0.42,0,24.31,Loamy Sand,439.54,29.87,Low
213,9.6,729,7.8,0.49,0.2,4.22,0.37,8.33,0.65,10.25,0.29,0,22.63,Sandy,613.56,34.11,Low
201,9.0,454,7.01,0.47,0.68,6.64,0.54,1.56,1.25,8.54,0.46,0,28.11,Loamy Sand,511.26,32.37,Low
207,7.7,465,7.51,0.62,0.29,4.83,0.28,6.32,0.98,15.26,0.32,0,41.81,Sandy,542.39,28.09,Low
220,12.3,760,7.02,0.65,0.24,23.9,0.16,0.76,0.36,4.65,0.53,0,34.97,Sandy,450.94,29.66,Low
276,9.4,486,7.04,0.74,0.24,23.9,0.16,0.76,0.36,4.65,0.53,1,52.8,Clay Loam,753.18,27.13,Medium
226,10.3,612,7.05,0.48,0.41,4.5,0.31,0.44,0.44,6.2,0.71,0,39.32,Red,423.34,32.92,Low
207,9.4,813,7.01,0.38,0.46,9.9,0.39,0.39,0.52,5.37,0.64,1,62.83,Loamy,920.31,29.25,Medium
270,11.4,655,7.05,0.62,0.51,7.1,0.44,1.11,0.23,1.88,1.17,1,55.09,Silt,867.43,24.37,Medium
295,10.7,644,7.08,0.73,0.57,6.7,0.44,0.42,0.51,6.33,0.85,1,42.31,Loamy,1031.41,28.54,Medium
238,8.3,412,7.06,0.36,0.7,4.6,0.31,0.34,0.63,7.13,0.65,0,25.35,Red,577.75,31.5,Low
207,9.4,444,7.1,0.64,0.51,10.8,0.38,0.27,0.61,6.41,0.77,0,29.55,Sandy,692.93,28.13,Low
182,9.2,465,7.4,0.6,0.51,6.8,0.42,1.24,0.31,10.23,0.84,0,43.55,Sandy,620.43,31.6,Low
232,8.8,665,7.5,0.37,0.41,4.7,0.5,0.21,0.21,2.11,0.51,0,30.34,Sandy,685.62,30.48,Low
289,10.7,475,7.35,0.63,0.24,3.7,0.4,0.31,0.38,6.11,0.31,1,55.41,Loamy,1090.04,29.29,Medium
195,12.5,507,7.34,0.51,0.46,4.8,0.36,0.51,0.35,10.22,0.52,0,38.1,Red,564.95,31.62,Low
207,10.7,391,7.29,0.82,0.62,4.7,0.41,1.09,0.42,3.52,0.91,0,24.69,Loamy Sand,572.7,30.14,Low
238,9.9,623,7.28,0.58,0.27,29.8,0.23,0.65,0.23,4.79,0.5,0,30.82,Red,645.67,30.04,Low
201,11.4,834,7.25,0.47,0.41,5.4,0.41,0.61,0.24,6.62,0.52,0,42.74,Loamy Sand,447.99,34.77,Low
345,9.6,422,7.37,0.49,0.38,7.1,0.37,1.71,0.27,6.23,0.77,1,49.93,Clay Loam,889.4,29.15,Medium
238,10.3,454,7.41,0.66,0.68,2.7,0.4,1.32,0.38,3.12,0.85,0,27.44,Red,571.02,32.81,Low
201,10.5,444,7.28,0.88,0.46,6.6,0.34,1.31,0.47,6.33,0.77,0,36.68,Red,498.62,30.76,Low
232,9.9,454,7.45,0.39,0.65,6.6,0.42,3.11,0.39,1.17,1.29,0,34.44,Sandy,487.87,28.61,Low
314,8.3,486,7.41,0.42,0.57,5.9,0.35,1.02,0.41,9.86,0.71,1,50.67,Clay Loam,854.05,24.51,Medium
245,9.2,391,7.58,0.81,0.84,17.1,0.31,1.22,0.44,3.14,0.87,0,27.02,Red,625.86,34.84,Low
351,7.2,581,7.8,0.56,0.54,8.4,0.42,1.12,0.33,1.11,1.13,1,45.7,Silt,1095.16,24.8,Medium
264,9.9,454,7.4,0.33,0.73,5.1,0.42,0.81,0.23,4.0,1.44,1,49.19,Loamy,833.78,27.38,Medium
364,7.0,391,7.9,0.57,0.51,6.7,0.34,0.53,0.31,1.72,1.22,1,49.5,Loamy,959.26,26.55,Medium
377,8.1,549,7.5,0.62,0.32,12.7,0.28,0.96,0.26,3.31,0.43,1,57.89,Loamy,1076.94,25.3,Medium
282,5.3,697,7.6,0.58,0.46,6.4,0.3,0.34,0.22,1.88,0.07,1,44.8,Silt,935.93,25.89,Medium
276,8.6,570,7.5,0.36,0.59,3.4,0.42,0.79,0.2,3.16,1.36,1,50.27,Loamy,833.53,25.35,Medium
320,3.9,507,7.4,0.34,0.51,4.7,42.0,44.0,0.42,1.22,1.17,1,46.38,Silt,1068.06,24.29,Medium
276,7.9,433,7.9,0.61,0.41,5.9,0.4,0.41,0.22,1.21,1.12,1,57.91,Clay Loam,769.76,27.49,Medium
370,12.7,317,8.1,0.52,0.46,6.7,0.24,0.52,0.27,1.31,1.23,2,65.27,Black,1432.61,20.36,High
207,7.0,623,7.5,0.59,0.43,8.9,0.42,0.62,0.27,3.11,1.32,0,35.11,Red,592.13,31.47,Low
169,6.8,602,8.3,0.44,0.22,4.1,0.37,0.24,0.33,3.42,2.13,0,42.6,Sandy,561.85,28.96,Low
345,4.4,686,8.0,0.56,0.35,7.7,0.4,0.22,0.24,2.71,1.12,1,60.82,Silt,717.95,26.84,Medium
333,7.2,560,7.6,0.51,0.59,5.9,0.4,0.81,0.24,1.13,1.42,1,63.41,Loamy,921.99,24.02,Medium
188,11.4,602,7.9,0.6,0.51,3.7,0.41,0.62,0.34,2.44,1.88,0,27.35,Sandy,404.05,32.41,Low
364,6.8,444,7.5,0.55,24.0,8.2,38.0,34.0,0.21,4.14,1.21,1,50.28,Loamy,784.07,29.65,Medium
326,10.1,803,7.4,0.53,0.57,6.0,0.37,0.98,0.37,1.43,1.29,1,59.53,Clay Loam,934.57,27.36,Medium
351,8.1,570,7.3,0.3,0.51,4.7,0.34,0.3,0.41,4.23,2.11,1,45.66,Silt,974.29,24.59,Medium
377,5.3,623,7.2,0.58,0.32,9.9,0.09,0.9,0.21,0.11,0.43,1,56.06,Silt,1033.81,25.45,Medium
307,8.6,750,7.4,0.63,0.73,4.4,0.38,0.58,0.32,3.31,0.86,1,53.17,Clay Loam,1062.0,29.24,Medium
295,12.5,560,7.9,0.51,0.51,21.4,0.13,1.06,0.22,1.42,0.15,1,40.29,Loamy,977.93,28.2,Medium
213,7.0,718,7.5,0.47,0.3,1.8,0.22,1.29,0.09,3.09,0.33,0,40.84,Sandy,411.36,32.87,Low
226,4.4,760,7.8,0.32,0.57,5.9,0.42,0.21,0.22,3.41,0.73,0,24.6,Loamy Sand,424.01,30.54,Low
301,7.2,528,7.9,0.59,0.51,5.3,0.35,0.31,0.23,4.43,0.71,2,73.84,Black,1095.18,22.45,High
314,6.8,602,7.4,0.55,0.19,17.2,0.2,0.73,0.25,31.0,0.47,2,60.96,Black,1389.91,22.31,High
270,10.5,475,7.8,0.37,0.51,7.1,0.34,1.13,0.22,4.66,0.61,2,73.82,Clay,1459.56,24.76,High
295,7.9,623,7.3,0.54,0.19,17.0,0.13,4.82,0.17,10.6,0.25,1,62.15,Clay Loam,712.97,29.89,Medium
245,7.5,570,7.0,0.69,0.51,8.8,0.19,1.47,0.24,12.59,0.36,1,40.99,Silt,1063.85,26.72,Medium
282,12.9,612,7.9,0.51,0.41,6.6,0.41,1.29,0.33,6.21,0.61,1,61.22,Silt,958.05,28.53,Medium
264,7.7,380,7.2,0.36,0.32,6.8,0.19,1.02,0.19,18.82,0.46,1,61.48,Loamy,808.48,28.43,Medium
339,8.1,560,7.5,0.73,0.54,2.4,0.43,0.6,0.19,2.69,1.3,1,59.7,Silt,1069.88,27.38,Medium
289,7.0,444,7.6,0.58,0.46,4.7,0.46,1.09,0.27,6.31,0.35,1,55.49,Clay Loam,735.43,29.22,Medium
320,65.8,528,7.5,0.52,0.49,1.5,0.11,1.14,0.2,13.92,0.29,2,69.31,Alluvial,1052.71,24.55,High
345,76.8,676,7.1,0.7,0.38,8.2,0.34,0.83,0.27,6.13,0.32,2,78.04,Alluvial,1436.98,23.64,High
333,7.2,549,7.4,0.66,0.46,7.2,0.28,1.87,0.27,13.38,0.47,1,47.32,Silt,749.91,27.1,Medium
301,111.8,486,7.5,0.54,0.43,6.5,0.25,1.57,0.23,18.71,0.35,1,60.96,Silt,863.43,29.32,Medium
314,7.9,581,7.9,0.58,0.49,4.8,0.4,0.68,0.21,8.91,1.24,1,50.5,Clay Loam,875.55,26.65,Medium
326,7.5,612,8.2,0.5,0.57,1.6,0.22,2.18,0.14,18.06,0.5,1,43.87,Clay Loam,758.47,25.15,Medium
358,8.3,517,8.1,0.45,0.46,7.1,0.22,1.61,0.3,13.14,0.41,1,60.24,Silt,830.86,27.75,Medium
320,6.6,602,8.0,0.52,0.35,7.2,0.34,0.49,0.31,1.27,0.47,1,56.24,Loamy,1008.39,29.11,Medium
370,125.0,528,8.1,0.57,0.51,2.7,0.26,1.85,0.1,0.26,0.38,2,63.99,Clay,1144.23,21.41,High
339,6.8,560,8.0,0.61,0.62,8.9,0.07,1.5,0.19,30.48,0.35,1,63.83,Silt,754.75,27.12,Medium
226,15.1,549,7.2,0.59,0.46,5.1,0.36,1.7,0.29,6.59,1.69,1,62.85,Silt,925.55,25.57,Medium
326,7.5,433,8.1,0.76,0.41,27.3,0.23,1.22,0.38,1.38,0.49,1,63.82,Clay Loam,1050.53,24.52,Medium
232,11.4,570,8.1,0.54,0.41,7.1,0.31,0.63,0.42,4.32,1.13,1,53.42,Silt,803.44,28.11,Medium
220,7.7,517,8.3,0.73,0.46,6.4,0.35,0.53,0.42,3.77,0.86,0,43.75,Sandy,459.15,31.88,Low
301,7.2,591,8.0,0.75,0.32,31.0,0.19,1.24,0.34,14.31,0.43,1,54.41,Loamy,1012.9,26.45,Medium
351,5.7,581,7.4,0.61,0.78,5.8,0.44,1.13,0.22,21.32,1.49,1,42.03,Silt,750.96,28.41,Medium
282,12.7,465,7.5,0.63,0.3,24.4,0.09,1.03,0.25,9.35,0.39,1,55.55,Clay Loam,831.7,24.81,Medium
364,7.7,602,7.9,0.53,0.32,10.78,0.7,1.21,0.22,7.45,0.34,1,54.64,Loamy,1003.73,26.35,Medium
339,11.0,623,8.3,0.67,0.32,3.7,0.28,1.36,0.18,13.92,0.19,2,83.13,Alluvial,1120.18,22.0,High
383,118.4,665,8.1,0.6,0.65,8.7,0.4,0.67,0.34,3.13,1.41,2,82.64,Black,1220.01,25.83,High
370,7.0,528,7.5,0.56,0.73,7.1,0.37,0.74,0.38,1.14,1.35,1,47.6,Clay Loam,931.41,24.81,Medium
295,8.1,803,8.0,0.32,0.78,6.7,0.34,0.77,0.18,7.81,1.24,1,45.66,Silt,1090.82,25.01,Medium
270,9.4,539,8.3,0.69,0.76,5.9,0.31,0.81,0.23,1.29,0.79,1,46.1,Clay Loam,1009.26,25.1,Medium
377,8.6,549,8.1,0.55,0.57,3.8,0.37,1.11,0.21,1.12,1.17,1,60.4,Clay Loam,928.53,29.9,Medium
220,7.2,507,8.0,0.38,0.78,4.7,0.4,0.72,0.17,14.02,1.26,0,42.33,Red,457.12,30.22,Low
207,11.2,317,7.4,0.32,0.62,6.6,0.34,0.78,0.28,1.21,0.49,0,25.69,Red,432.16,29.33,Low
264,7.7,539,7.9,0.49,0.65,4.4,0.36,0.83,0.28,1.01,0.57,1,42.51,Loamy,809.71,24.34,Medium
220,7.0,781,7.5,0.54,0.76,1.5,0.32,0.77,0.18,8.14,1.29,0,36.49,Red,652.18,29.44,Low
213,12.5,549,7.8,0.1,0.51,4.7,0.34,1.22,0.21,1.82,0.84,1,46.13,Silt,812.43,29.65,Medium
370,6.6,591,7.3,0.38,0.65,0.64,0.36,0.77,0.18,2.11,1.18,1,57.55,Clay Loam,904.7,27.56,Medium
383,14.0,718,7.8,0.41,0.62,7.1,0.37,0.66,0.22,2.31,1.31,2,76.33,Black,1357.38,25.23,High
351,8.6,771,7.9,0.45,0.59,4.9,0.38,0.74,0.22,3.13,0.65,1,64.22,Loamy,923.72,27.68,Medium
377,11.2,623,7.8,0.64,0.54,3.8,0.37,0.88,0.31,1.13,0.85,2,79.57,Alluvial,1379.94,22.54,High
364,11.4,602,7.3,0.33,0.7,1.2,0.34,0.88,0.26,13.71,1.51,2,62.26,Black,1431.44,24.82,High
333,12.3,686,7.4,0.57,0.41,6.4,0.34,1.29,0.27,0.84,1.27,1,44.79,Silt,1055.01,27.12,Medium
301,6.8,539,7.5,0.3,0.57,4.7,0.4,1.13,0.3,8.14,0.8,1,56.49,Loamy,766.31,28.37,Medium
201,8.3,591,7.6,0.68,0.57,5.9,0.42,0.81,0.37,7.35,0.71,0,37.85,Red,531.1,33.5,Low
358,10.7,665,7.3,0.62,0.62,4.1,0.44,0.67,0.27,10.61,1.49,2,60.6,Alluvial,1311.36,24.4,High
345,8.1,634,7.1,0.56,0.59,7.2,0.33,0.47,0.41,2.29,0.65,1,48.27,Clay Loam,1001.14,25.91,Medium
370,7.2,581,7.3,0.34,0.49,5.5,0.36,1.33,0.31,8.23,0.71,1,40.5,Silt,783.96,25.34,Medium
257,4.4,507,7.1,0.75,0.68,6.5,0.4,0.97,0.24,2.75,1.46,0,38.41,Red,604.39,31.88,Low
339,8.3,549,7.5,0.31,0.65,8.4,0.44,0.44,0.31,3.17,1.27,1,45.79,Loamy,990.34,27.52,Medium
377,7.9,602,7.8,0.55,0.86,6.3,0.42,0.69,0.83,7.6,1.84,1,60.06,Clay Loam,924.26,28.97,Medium
351,9.6,623,7.9,0.43,0.57,5.9,0.37,1.28,0.41,9.53,1.17,1,58.13,Clay Loam,1084.47,27.46,Medium
339,6.8,570,7.5,0.79,0.59,1.7,0.13,1.45,0.33,2.72,0.36,1,41.96,Clay Loam,820.44,28.9,Medium
201,12.9,433,7.8,0.46,0.65,2.5,0.09,1.44,0.2,19.69,0.22,1,40.06,Silt,837.66,24.1,Medium
345,7.5,528,7.9,0.82,0.65,2.5,0.09,1.44,0.2,19.69,0.22,1,57.02,Clay Loam,733.64,27.34,Medium
333,8.3,665,7.3,0.3,0.46,7.2,0.27,1.87,0.47,13.38,0.28,1,56.31,Silt,1073.06,28.19,Medium
351,7.0,549,7.5,0.37,0.3,6.3,0.21,0.71,0.5,3.11,0.09,1,46.51,Loamy,1066.19,24.05,Medium
295,14.5,612,8.2,0.38,0.49,7.54,0.36,2.25,0.69,12.36,0.48,1,49.88,Clay Loam,729.64,25.17,Medium
282,9.2,676,8.0,0.62,0.78,11.46,0.47,7.15,1.02,4.51,0.25,1,42.88,Silt,709.64,24.19,Medium
257,11.6,433,7.4,0.73,0.1,4.22,0.25,3.26,1.24,9.62,0.42,1,51.58,Loamy,726.7,24.97,Medium
270,12.1,401,7.9,0.36,0.78,8.45,0.21,9.05,0.77,14.55,0.17,1,54.04,Clay Loam,893.06,29.29,Medium
289,14.5,549,7.3,0.64,1.07,11.16,0.34,4.55,0.53,6.32,0.29,1,52.39,Silt,766.58,29.94,Medium
301,13.6,496,7.8,0.6,0.88,8.45,0.51,6.28,1.25,17.54,0.46,1,47.27,Clay Loam,737.54,26.89,Medium
295,12.5,412,7.2,0.37,0.39,6.64,0.27,1.05,1.39,11.58,0.25,1,53.17,Silt,971.11,29.39,Medium
276,15.4,433,7.3,0.63,0.88,5.43,0.33,6.25,0.54,7.54,0.31,1,40.04,Silt,757.02,29.6,Medium
326,13.4,454,7.9,0.51,0.49,7.84,0.28,8.25,0.33,13.02,0.32,1,44.59,Clay Loam,900.19,24.82,Medium
270,13.8,845,7.5,0.82,0.1,3.32,0.45,1.32,0.78,8.54,0.42,1,61.89,Silt,927.33,27.18,Medium
289,14.7,750,8.1,0.58,0.68,5.13,0.37,4.51,0.59,11.63,0.31,1,42.23,Loamy,1039.42,27.13,Medium
314,8.3,591,8.0,0.47,1.07,11.76,0.25,3.25,0.62,19.52,0.61,1,47.19,Silt,910.24,24.3,Medium
345,9.9,507,7.9,0.49,0.78,8.45,0.59,7.54,0.37,14.33,0.34,1,48.43,Clay Loam,958.08,24.72,Medium
307,6.8,370,7.3,0.66,0.2,7.24,0.51,6.05,1.36,10.56,0.42,1,42.78,Loamy,773.92,29.77,Medium
339,7.5,475,7.2,0.88,0.78,4.83,0.34,8.21,1.07,7.54,0.55,1,57.75,Silt,921.59,24.62,Medium
314,10.3,676,7.9,0.39,0.1,3.32,0.28,3.25,1.94,9.36,0.67,1,52.88,Clay Loam,1035.0,24.28,Medium
333,12.7,887,7.4,0.42,0.68,5.43,0.34,1.96,2.01,14.52,0.34,1,59.66,Clay Loam,915.83,24.1,Medium
351,14.3,560,7.6,0.37,1.07,8.14,0.28,1.05,0.87,13.26,0.48,1,61.37,Silt,797.84,28.19,Medium
358,10.1,602,7.8,0.32,0.29,9.95,0.33,2.51,0.51,10.85,0.42,1,45.68,Silt,1051.34,26.93,Medium
301,10.3,412,7.3,0.77,0.78,4.22,0.52,7.15,0.39,7.54,0.74,1,47.72,Loamy,1010.88,26.87,Medium
326,11.8,444,7.4,0.4,0.1,8.45,0.48,3.25,0.46,9.55,0.88,1,56.92,Clay Loam,904.4,29.35,Medium
314,8.1,644,7.8,0.61,0.88,3.92,0.29,9.02,1.12,8.52,0.29,1,44.35,Silt,1015.84,26.23,Medium
320,8.6,380,7.94,0.69,0.29,8.45,0.41,4.15,0.77,4.15,0.5,1,49.6,Silt,731.4,25.86,Medium
358,12.9,422,7.02,0.48,0.68,9.95,0.39,3.22,0.91,6.32,0.65,1,60.85,Clay Loam,843.92,27.86,Medium
345,13.6,444,7.85,0.38,0.1,5.13,0.35,6.21,0.63,12.05,0.34,1,46.16,Silt,928.01,26.94,Medium
314,14.9,359,7.04,0.43,0.78,6.33,0.42,4.15,0.54,10.52,0.42,1,56.79,Silt,896.87,24.03,Medium
333,13.8,401,7.62,0.51,0.59,10.56,0.51,2.11,0.71,8.54,0.31,1,62.09,Silt,999.45,24.05,Medium
339,8.3,380,7.67,0.32,0.39,10.26,0.33,8.02,1.25,3.25,0.52,1,44.22,Clay Loam,755.76,26.72,Medium
326,10.3,507,7.88,0.71,0.1,4.52,0.28,3.02,1.09,7.15,0.67,1,61.29,Clay Loam,961.2,27.67,Medium
351,10.7,623,7.96,0.51,0.29,8.45,0.22,4.51,0.38,9.06,0.34,1,55.15,Silt,982.46,24.37,Medium
301,14.3,370,7.05,0.95,0.88,5.13,0.34,6.25,1.22,15.32,0.55,1,58.86,Silt,976.46,29.77,Medium
251,13.2,496,7.87,0.4,0.39,10.26,0.29,1.25,0.94,11.56,0.21,1,40.46,Silt,782.39,26.11,Medium
326,12.7,454,7.01,0.42,0.2,6.64,0.43,7.15,0.37,17.32,0.52,1,62.37,Clay Loam,783.89,29.26,Medium
289,16.0,327,7.03,0.5,0.49,5.43,0.51,3.02,1.22,10.58,0.74,1,44.02,Clay Loam,941.58,26.03,Medium
276,17.3,454,7.91,0.46,1.07,6.33,0.33,4.15,1.06,12.56,0.27,1,63.86,Clay Loam,786.61,29.09,Medium
245,6.6,475,7.02,0.51,0.78,5.13,0.28,3.25,0.93,7.54,0.53,1,63.25,Loamy,1081.05,27.88,Medium
345,12.7,412,7.44,0.29,0.39,11.76,0.24,8.06,0.57,16.32,0.25,1,45.91,Silt,876.3,29.63,Medium
320,14.3,465,7.58,0.44,0.49,4.52,0.39,6.21,1.22,14.05,0.55,1,60.8,Loamy,780.84,28.47,Medium
270,13.2,422,7.32,0.68,0.59,3.92,0.45,1.05,1.05,19.32,0.65,1,47.91,Silt,1031.27,29.76,Medium
333,14.3,507,7.43,0.61,0.88,7.24,0.37,1.26,1.37,12.03,0.29,2,61.82,Clay,1225.45,23.65,High
358,13.2,444,7.8,0.29,0.49,4.52,0.26,5.26,1.25,6.25,0.48,2,61.22,Clay,1051.78,24.13,High
245,13.8,391,7.01,0.64,0.88,7.84,0.35,1.25,0.96,12.03,0.23,1,53.05,Loamy,729.25,27.96,Medium
314,12.7,591,7.51,0.56,0.1,9.65,0.42,3.02,0.53,7.54,0.53,1,55.44,Silt,981.8,28.2,Medium
307,12.9,539,7.34,0.85,1.07,4.52,0.53,7.54,1.22,4.51,0.61,1,45.94,Loamy,1040.19,26.77,Medium
326,14.9,655,7.37,0.87,0.78,7.24,0.47,6.33,0.63,8.22,0.27,1,61.48,Silt,759.13,25.41,Medium
320,14.3,422,7.41,0.42,0.59,3.32,0.25,1.52,1.52,12.05,0.5,1,57.3,Silt,1082.84,25.02,Medium
345,10.5,570,7.43,0.42,0.68,5.13,0.36,4.52,1.02,6.32,0.34,1,49.2,Clay Loam,866.85,27.81,Medium
307,11.6,496,7.52,0.93,0.2,8.45,0.54,9.62,0.84,9.33,0.44,1,44.46,Silt,1074.64,29.67,Medium
295,2.9,612,7.35,0.52,0.39,9.95,0.48,8.05,0.63,15.25,0.32,1,46.7,Clay Loam,904.15,28.11,Medium
276,10.7,655,7.47,0.51,1.07,7.84,0.26,10.22,0.75,14.22,0.4,1,40.43,Loamy,786.32,26.9,Medium
301,12.7,422,8.19,0.57,0.29,4.22,0.35,6.32,1.02,13.25,0.29,1,47.32,Clay Loam,1052.35,27.48,Medium
282,15.6,602,7.38,0.82,0.88,8.45,0.29,4.51,0.74,8.54,0.42,1,44.71,Clay Loam,987.41,29.74,Medium
295,13.4,412,7.35,0.7,0.49,9.95,0.22,7.54,0.93,11.25,0.34,1,58.54,Silt,833.8,24.97,Medium
326,11.8,444,8.02,0.75,0.78,7.54,0.57,2.02,1.24,21.02,0.46,1,57.3,Loamy,1059.23,28.69,Medium
358,12.5,581,7.42,0.85,0.2,8.14,0.46,1.89,1.05,10.25,0.5,1,45.06,Clay Loam,816.82,28.9,Medium
314,6.6,444,7.23,0.28,0.59,4.22,0.35,3.22,0.87,7.54,0.63,1,41.2,Silt,1089.49,29.75,Medium
301,9.4,517,8.1,0.38,0.1,6.64,0.26,7.54,1.32,6.23,0.8,1,52.21,Clay Loam,702.15,25.59,Medium
220,9.0,454,7.29,0.84,0.29,4.52,0.39,4.15,0.84,8.05,0.29,1,57.37,Clay Loam,997.24,26.31,Medium
276,12.9,401,7.35,0.85,0.68,3.92,0.22,3.02,1.28,14.21,0.42,1,63.17,Clay Loam,1066.27,28.4,Medium
282,13.2,433,7.34,0.59,0.88,8.45,0.41,8.05,1.36,9.02,0.61,1,59.85,Loamy,892.32,28.11,Medium
264,12.1,560,7.9,0.63,0.39,4.22,0.33,3.22,0.75,11.65,0.29,1,57.53,Loamy,887.61,24.05,Medium
195,94.3,539,7.49,0.42,0.59,6.64,0.53,7.12,0.87,4.25,0.53,0,37.88,Loamy Sand,517.57,34.97,Low
188,92.1,444,7.34,0.43,0.2,7.84,0.34,6.33,1.25,9.6,0.27,0,39.15,Red,408.02,28.58,Low
226,89.9,422,7.37,0.62,0.49,4.52,0.57,9.21,1.36,13.52,0.42,1,64.5,Loamy,761.71,25.9,Medium
213,96.5,729,7.41,0.38,1.07,5.73,0.49,6.3,1.27,6.21,0.32,1,64.1,Silt,1068.94,25.75,Medium
201,89.9,454,7.43,0.53,0.78,6.94,0.55,8.21,2.01,7.54,0.17,1,40.07,Loamy,1014.97,28.7,Medium
207,76.8,465,7.52,0.69,0.68,4.22,0.38,4.56,0.54,3.25,0.5,1,40.4,Clay Loam,794.56,26.94,Medium
220,122.8,760,7.35,0.67,0.68,7.54,0.42,7.02,0.96,8.05,0.25,1,58.09,Clay Loam,706.57,26.34,Medium
276,94.3,486,7.47,0.41,0.49,3.92,0.28,3.85,1.25,11.03,0.42,1,55.04,Clay Loam,744.68,25.22,Medium
226,103.1,612,8.19,0.63,0.68,6.64,0.49,8.05,1.45,6.05,0.25,1,61.3,Clay Loam,1083.36,29.22,Medium
207,94.3,813,7.38,0.34,0.1,4.52,0.52,6.96,0.74,9.21,0.29,1,49.59,Clay Loam,746.71,26.17,Medium
270,114.0,655,7.35,0.39,0.59,9.95,0.45,7.41,1.32,8.12,0.46,1,51.51,Loamy,932.98,26.28,Medium
295,107.5,644,8.02,0.42,0.49,4.52,0.33,8.02,1.96,12.36,0.36,1,41.28,Silt,833.59,29.63,Medium
238,83.3,412,7.42,0.72,0.88,6.64,0.5,4.58,2.05,6.35,0.69,1,44.97,Loamy,869.91,29.54,Medium
207,94.3,444,7.23,0.49,0.39,4.22,0.41,9.63,1.54,11.06,0.53,1,50.75,Loamy,857.44,28.33,Medium
182,92.1,465,8.1,0.68,0.29,5.13,0.39,4.21,2.06,7.35,0.4,0,40.07,Sandy,511.06,31.35,Low
232,87.7,665,7.29,0.75,0.1,7.84,0.48,7.53,0.75,15.21,0.55,1,63.84,Loamy,1022.53,25.68,Medium
289,107.5,475,7.35,0.43,0.88,3.62,0.52,6.3,0.48,6.03,0.34,1,62.83,Silt,760.95,29.09,Medium
195,125.0,507,7.34,0.56,1.27,6.33,0.41,7.04,0.9,4.52,0.48,2,80.2,Clay,1282.48,23.3,High
207,107.5,391,7.29,0.58,0.59,4.52,0.27,8.62,1.25,12.32,0.23,1,47.67,Silt,824.01,24.27,Medium
238,98.7,623,7.28,0.44,0.1,5.73,0.37,4.51,1.47,5.03,0.27,1,61.14,Loamy,747.3,28.68,Medium
201,114.0,834,7.25,0.43,1.07,6.64,0.54,8.35,0.68,9.65,0.5,1,64.96,Loamy,1035.49,26.81,Medium
345,96.5,422,7.37,0.62,0.2,5.43,0.48,7.05,0.6,6.32,0.34,2,60.15,Alluvial,1316.87,24.42,High
238,103.1,454,7.41,0.46,0.88,4.22,0.52,6.51,0.53,11.05,0.21,1,44.19,Loamy,932.83,25.49,Medium
201,105.3,444,7.28,0.43,0.39,7.84,0.32,9.53,1.05,15.47,0.32,1,46.46,Silt,980.62,27.31,Medium
232,98.7,454,7.45,0.44,0.59,3.92,0.24,4.51,0.68,3.05,0.5,1,56.91,Silt,716.23,27.49,Medium
314,83.3,486,7.41,0.8,0.68,7.54,0.51,7.63,1.36,12.06,0.25,2,74.14,Black,1481.27,23.82,High
195,94.3,813,7.33,0.74,0.29,4.22,0.38,3.52,1.89,11.48,0.4,0,32.08,Loamy Sand,453.22,31.32,Low
226,92.1,655,7.29,0.72,0.1,6.64,0.5,8.05,0.54,14.21,0.4,1,61.26,Clay Loam,712.29,27.36,Medium
238,114.0,708,7.43,0.59,0.88,5.13,0.46,9.26,0.63,6.05,0.55,1,42.21,Silt,962.7,26.71,Medium
182,89.9,454,7.55,0.48,0.68,6.94,0.32,4.15,1.02,7.15,0.67,0,40.98,Sandy,502.4,30.83,Low
182,92.1,697,7.38,0.83,0.39,5.43,0.44,7.52,1.98,15.23,0.52,0,30.18,Sandy,636.36,29.81,Low
213,107.5,612,7.37,0.45,0.39,5.43,0.44,7.52,1.98,15.23,0.52,1,57.68,Loamy,956.04,26.43,Medium
226,87.7,708,7.34,0.39,0.88,9.65,0.46,3.5,0.45,13.56,0.34,1,43.39,Loamy,861.27,25.98,Medium
213,120.6,623,7.41,0.42,0.49,4.52,0.59,6.53,0.86,3.56,0.55,1,44.98,Clay Loam,872.62,24.44,Medium
333,10.7,444,7.43,0.73,0.49,4.52,0.59,6.53,0.86,3.56,0.55,1,61.96,Silt,758.67,29.18,Medium
238,7.7,454,7.41,0.88,0.29,4.22,0.38,7.05,1.02,7.02,0.69,0,25.56,Red,581.2,34.18,Low
201,9.4,697,7.4,0.51,1.17,5.43,0.26,4.35,1.63,9.54,0.53,0,30.96,Loamy Sand,614.53,34.72,Low
195,9.2,454,7.52,0.49,0.88,6.64,0.38,8.36,0.34,4.02,0.32,0,21.53,Loamy Sand,542.14,28.98,Low
270,8.1,444,7.55,0.53,0.29,4.22,0.63,7.02,1.96,11.56,0.29,1,44.99,Clay Loam,795.62,28.27,Medium
195,8.8,454,7.47,0.53,1.07,5.13,0.4,4.96,2.01,3.2,0.53,0,21.29,Red,579.19,34.57,Low
213,10.7,771,7.29,0.52,0.68,5.73,0.49,8.51,0.75,15.62,0.36,0,39.22,Loamy Sand,422.88,31.66,Low
201,8.3,697,7.48,0.81,0.2,6.64,0.53,5.6,0.86,11.3,0.63,0,24.75,Sandy,611.72,31.18,Low
232,10.7,760,7.35,0.53,0.49,3.92,0.42,9.05,1.32,9.32,0.5,0,32.31,Red,596.62,34.05,Low
226,9.2,454,7.44,0.76,0.59,6.64,0.5,6.35,1.5,5.21,0.25,0,39.35,Loamy Sand,692.73,31.61,Low
257,7.5,444,7.47,0.49,0.98,5.43,0.37,7.41,0.8,11.05,0.32,0,28.65,Red,658.25,34.22,Low
245,8.3,507,7.42,0.71,1.27,6.33,0.61,8.05,1.32,6.32,0.29,0,25.82,Red,537.0,31.27,Low
245,11.4,549,7.65,0.49,1.07,4.22,0.59,4.05,1.87,9.54,0.42,0,42.48,Red,474.33,32.36,Low
264,9.0,486,7.24,0.47,0.59,9.95,0.29,9.35,1.23,11.65,0.34,1,42.37,Silt,923.0,24.95,Medium
276,9.2,370,7.62,0.62,0.59,9.95,0.29,9.35,1.23,11.65,0.34,1,43.32,Clay Loam,902.16,27.42,Medium
320,13.8,391,7.38,0.65,0.68,7.54,0.38,5.41,0.89,9.05,0.63,2,67.39,Alluvial,1333.43,23.01,High
264,10.3,475,7.49,0.74,0.1,5.13,0.51,5.8,0.51,7.32,0.21,0,26.11,Loamy Sand,510.98,32.5,Low
333,14.9,422,8.26,0.48,1.17,3.32,0.6,7.62,1.02,11.65,0.29,2,62.68,Clay,1003.17,25.63,High
295,14.5,612,8.4,0.38,0.39,6.94,0.39,6.23,0.63,9.06,0.5,1,53.15,Clay Loam,853.05,24.09,Medium
282,9.2,676,7.95,0.62,0.59,5.43,0.44,4.12,1.32,11.41,0.34,1,43.14,Clay Loam,971.95,27.44,Medium
257,11.6,433,7.58,0.73,0.29,4.22,0.29,3.25,2.1,6.5,0.23,0,34.97,Sandy,642.19,29.01,Low
270,12.1,401,7.47,0.36,0.78,6.64,0.37,5.21,0.86,13.05,0.48,1,63.75,Silt,742.67,28.33,Medium
289,14.5,549,7.18,0.64,0.1,3.92,0.41,7.15,0.75,6.03,0.36,1,44.37,Clay Loam,863.85,28.16,Medium
301,13.6,496,7.2,0.6,0.59,8.75,0.59,3.52,1.09,12.05,0.42,1,55.49,Silt,839.42,27.39,Medium
295,12.5,412,7.12,0.37,0.2,4.22,0.36,8.02,1.33,9.21,0.34,1,50.26,Loamy,1014.24,24.31,Medium
276,15.4,433,7.01,0.63,1.17,6.94,0.51,9.06,0.45,4.51,0.63,1,58.15,Clay Loam,955.53,26.35,Medium
326,13.4,454,7.13,0.51,0.88,5.13,0.29,4.85,0.78,9.32,0.27,2,69.47,Alluvial,1141.03,24.14,High
270,13.8,845,7.0,0.82,0.1,5.73,0.48,3.06,0.61,10.58,0.5,1,55.77,Silt,789.67,25.87,Medium
289,14.7,750,7.01,0.58,0.29,6.33,0.63,8.35,1.53,13.02,0.34,1,54.1,Clay Loam,873.59,27.73,Medium
314,8.3,591,7.0,0.47,0.68,10.86,0.44,4.6,1.96,6.57,0.55,1,53.1,Clay Loam,869.84,24.23,Medium
345,9.9,507,7.0,0.49,0.1,7.24,0.5,6.32,1.55,9.03,0.21,1,45.48,Loamy,739.82,29.49,Medium
307,6.8,370,7.02,0.66,0.2,5.43,0.68,4.88,0.52,8.51,0.25,1,43.79,Silt,1016.86,27.08,Medium
339,7.5,475,7.0,0.88,0.98,6.94,0.54,7.15,0.39,10.59,0.34,1,61.81,Silt,755.51,24.31,Medium
314,10.3,676,7.03,0.39,1.07,5.43,0.39,6.23,0.47,2.69,0.5,1,60.45,Silt,971.0,26.99,Medium
333,12.7,887,7.1,0.42,0.88,6.33,0.75,4.96,1.08,12.03,0.59,2,61.39,Black,1335.56,25.72,High
351,14.3,560,7.82,0.37,0.39,5.13,0.36,5.51,1.55,9.65,0.27,2,70.37,Alluvial,1021.22,21.11,High
358,10.1,602,7.01,0.32,0.68,8.75,0.42,9.23,2.04,14.52,0.55,1,56.89,Clay Loam,1005.69,29.18,Medium
301,10.3,412,7.0,0.77,0.98,9.65,0.66,4.53,0.96,10.63,0.5,1,57.28,Silt,1000.76,26.41,Medium
326,11.8,444,7.33,0.4,0.1,4.22,0.51,9.03,0.54,6.58,0.67,2,61.13,Black,1082.44,25.89,High
314,8.1,644,7.41,0.61,0.29,7.54,0.27,4.59,1.05,4.51,0.32,1,57.73,Silt,954.99,25.63,Medium
320,8.6,380,7.94,0.69,0.98,3.92,0.48,7.63,1.78,9.3,0.55,1,53.02,Clay Loam,815.39,26.88,Medium
358,12.9,422,7.02,0.48,1.27,5.43,0.29,3.56,0.63,11.56,0.42,2,82.36,Clay,1473.76,25.11,High
345,13.6,444,7.85,0.38,0.1,6.33,0.35,8.54,1.02,9.64,0.65,2,74.92,Black,1371.85,21.5,High
314,14.9,359,7.04,0.43,0.68,5.13,0.17,6.11,0.88,3.74,0.21,2,79.78,Clay,1094.18,23.38,High
333,13.8,401,7.62,0.51,0.49,3.92,0.26,3.05,1.03,9.05,0.34,2,81.46,Black,1177.84,21.9,High
339,8.3,380,7.67,0.32,0.88,5.13,0.33,7.96,1.65,12.47,0.44,1,44.39,Clay Loam,966.25,29.11,Medium
326,10.3,507,7.88,0.71,0.39,8.75,0.21,8.63,2.01,8.63,0.32,1,62.01,Silt,1047.06,25.02,Medium
351,10.7,623,7.96,0.51,0.29,7.24,0.36,4.69,0.69,11.03,0.69,1,59.88,Loamy,1015.43,27.33,Medium
264,9.0,486,7.24,0.47,0.1,3.92,0.35,8.26,0.45,7.98,0.4,1,48.06,Loamy,966.69,25.12,Medium
276,9.2,370,7.62,0.62,0.49,6.64,0.42,3.57,0.63,6.48,0.32,1,59.44,Silt,945.83,24.41,Medium
320,13.8,391,7.38,0.65,1.07,5.43,0.58,4.58,1.02,13.25,0.53,2,83.1,Alluvial,1356.69,23.16,High
264,10.3,475,7.49,0.74,0.88,10.56,0.45,7.36,1.87,10.63,0.63,0,40.56,Sandy,406.71,33.15,Low
